state,mmwr_week_start,county,location_id,date,outcome_type,cases,mmwr_week,code
MICHIGAN,2025-06-01,ALLEGAN,26005,2025-06-06,case_lab-confirmed,1,23,MI
MICHIGAN,2025-06-01,MARQUETTE,26103,2025-06-02,case_lab-confirmed,1,23,MI
INDIANA,2025-06-01,UNKNOWN,NA,2025-06-01,NA,0,NA,IN
OHIO,2025-06-01,UNKNOWN,NA,2025-06-01,NA,0,NA,OH
ALASKA,2025-06-01,UNKNOWN,NA,2025-06-01,NA,0,NA,AK
TEXAS,2025-06-01,COLLIN,48085,2025-06-02,case_lab-confirmed,1,23,TX
TEXAS,2025-06-01,COLLIN,48085,2025-06-03,case_lab-confirmed,1,23,TX
TEXAS,2025-06-01,GAINES,48165,2025-06-03,case_lab-confirmed,2,23,TX
TEXAS,2025-06-01,LAMAR,48277,2025-06-03,case_lab-confirmed,1,23,TX
COLORADO,2025-06-01,ARAPAHOE,8005,2025-06-02,case_lab-confirmed,1,23,CO
COLORADO,2025-06-01,DENVER,8031,2025-06-04,case_lab-confirmed,1,23,CO
COLORADO,2025-06-01,EL PASO,8041,2025-06-02,case_lab-confirmed,3,23,CO
ARKANSAS,2025-06-01,UNKNOWN,NA,2025-06-01,NA,0,NA,AR
NEW JERSEY,2025-06-01,UNKNOWN,NA,2025-06-01,NA,0,NA,NJ
FLORIDA,2025-06-01,LEON,12073,2025-06-07,case_lab-confirmed,1,23,FL
PENNSYLVANIA,2025-06-01,UNKNOWN,NA,2025-06-01,NA,0,NA,PA
NORTH DAKOTA,2025-06-01,UNKNOWN,NA,2025-06-01,NA,0,NA,ND
MONTANA,2025-06-01,GALLATIN,30031,2025-06-05,case_lab-confirmed,1,23,MT
MONTANA,2025-06-01,HILL,30041,2025-06-02,case_lab-confirmed,2,23,MT
MONTANA,2025-06-01,HILL,30041,2025-06-06,case_lab-confirmed,1,23,MT
MONTANA,2025-06-01,YELLOWSTONE,30111,2025-06-05,case_lab-confirmed,3,23,MT
MISSOURI,2025-06-01,UNKNOWN,NA,2025-06-01,NA,0,NA,MO
IOWA,2025-06-01,UNKNOWN,NA,2025-06-01,NA,0,NA,IA
NEW MEXICO,2025-06-01,LEA,35025,2025-06-03,case_lab-confirmed,1,23,NM
NEW MEXICO,2025-06-01,SAN JUAN,35045,2025-06-03,case_lab-confirmed,1,23,NM
ILLINOIS,2025-06-01,UNKNOWN,NA,2025-06-01,NA,0,NA,IL
MINNESOTA,2025-06-01,DAKOTA,27037,2025-06-02,case_lab-confirmed,1,23,MN
MINNESOTA,2025-06-01,WASHINGTON,27163,2025-06-02,case_lab-confirmed,1,23,MN
KENTUCKY,2025-06-01,UNKNOWN,NA,2025-06-01,NA,0,NA,KY
CALIFORNIA,2025-06-01,LOS ANGELES,6037,2025-06-06,case_lab-confirmed,1,23,CA
CALIFORNIA,2025-06-01,YOLO,6113,2025-06-06,case_lab-confirmed,1,23,CA
GEORGIA,2025-06-01,FULTON,13121,2025-06-06,case_lab-confirmed,1,23,GA
KANSAS,2025-06-01,GRAY,20069,2025-06-02,case_lab-confirmed,1,23,KS
KANSAS,2025-06-01,HASKELL,20081,2025-06-02,case_lab-confirmed,1,23,KS
KANSAS,2025-06-01,PAWNEE,20145,2025-06-02,case_lab-confirmed,7,23,KS
NORTH CAROLINA,2025-06-01,UNKNOWN,NA,2025-06-01,NA,0,NA,NC
HAWAII,2025-06-01,UNKNOWN,NA,2025-06-01,NA,0,NA,HI
MARYLAND,2025-06-01,UNKNOWN,NA,2025-06-01,NA,0,NA,MD
WASHINGTON,2025-06-01,UNKNOWN,NA,2025-06-01,NA,0,NA,WA
VERMONT,2025-06-01,UNKNOWN,NA,2025-06-01,NA,0,NA,VT
SOUTH DAKOTA,2025-06-01,MEADE,46093,2025-06-02,case_lab-confirmed,1,23,SD
SOUTH DAKOTA,2025-06-01,PENNINGTON,46103,2025-06-07,case_lab-confirmed,1,23,SD
TENNESSEE,2025-06-01,UNKNOWN,NA,2025-06-01,NA,0,NA,TN
OREGON,2025-06-01,UNKNOWN,NA,2025-06-01,NA,0,NA,OR
WYOMING,2025-06-01,UNKNOWN,NA,2025-06-01,NA,0,NA,WY
ARIZONA,2025-06-01,UNKNOWN,NA,2025-06-01,NA,0,NA,AZ
NEW YORK,2025-06-01,PUTNAM,36079,2025-06-03,case_lab-confirmed,1,23,NY
VIRGINIA,2025-06-01,NORTHWEST REGION,0,2025-06-05,case_lab-confirmed,2,23,VA
LOUISIANA,2025-06-01,UNKNOWN,NA,2025-06-01,NA,0,NA,LA
RHODE ISLAND,2025-06-01,UNKNOWN,NA,2025-06-01,NA,0,NA,RI
NEBRASKA,2025-06-01,UNKNOWN,NA,2025-06-01,NA,0,NA,NE
UTAH,2025-06-01,UNKNOWN,NA,2025-06-01,NA,0,NA,UT
OKLAHOMA,2025-06-01,UNKNOWN COUNTY,40109,2025-06-03,case_lab-confirmed,1,23,OK
OKLAHOMA,2025-06-01,UNKNOWN COUNTY,40109,2025-06-06,case_lab-confirmed,1,23,OK
SOUTH CAROLINA,2025-06-01,UNKNOWN,NA,2025-06-01,NA,0,NA,SC
DISTRICT OF COLUMBIA,2025-06-01,UNKNOWN,NA,2025-06-01,NA,0,NA,DC
MICHIGAN,2025-04-06,MONTCALM,26117,2025-04-10,case_lab-confirmed,1,15,MI
INDIANA,2025-04-06,ALLEN,18003,2025-04-07,case_lab-confirmed,1,15,IN
INDIANA,2025-04-06,ALLEN,18003,2025-04-09,case_lab-confirmed,5,15,IN
OHIO,2025-04-06,ASHTABULA,39007,2025-04-11,case_lab-confirmed,3,15,OH
OHIO,2025-04-06,ASHTABULA,39007,2025-04-12,case_lab-confirmed,2,15,OH
OHIO,2025-04-06,KNOX,39083,2025-04-06,case_lab-confirmed,1,15,OH
OHIO,2025-04-06,KNOX,39083,2025-04-09,case_lab-confirmed,6,15,OH
ALASKA,2025-04-06,UNKNOWN,NA,2025-04-06,NA,0,NA,AK
TEXAS,2025-04-06,BORDEN,48033,2025-04-08,case_lab-confirmed,1,15,TX
TEXAS,2025-04-06,COCHRAN,48079,2025-04-08,case_lab-confirmed,1,15,TX
TEXAS,2025-04-06,COCHRAN,48079,2025-04-11,case_lab-confirmed,1,15,TX
TEXAS,2025-04-06,DAWSON,48115,2025-04-11,case_lab-confirmed,1,15,TX
TEXAS,2025-04-06,EL PASO,48141,2025-04-09,case_lab-confirmed,2,15,TX
TEXAS,2025-04-06,EL PASO,48141,2025-04-10,case_lab-confirmed,1,15,TX
TEXAS,2025-04-06,GAINES,48165,2025-04-08,case_lab-confirmed,13,15,TX
TEXAS,2025-04-06,GAINES,48165,2025-04-11,case_lab-confirmed,27,15,TX
TEXAS,2025-04-06,HALE,48189,2025-04-08,case_lab-confirmed,2,15,TX
TEXAS,2025-04-06,LUBBOCK,48303,2025-04-08,case_lab-confirmed,3,15,TX
TEXAS,2025-04-06,LUBBOCK,48303,2025-04-11,case_lab-confirmed,2,15,TX
TEXAS,2025-04-06,RANDALL,48381,2025-04-08,case_lab-confirmed,1,15,TX
TEXAS,2025-04-06,TERRY,48445,2025-04-08,case_lab-confirmed,3,15,TX
TEXAS,2025-04-06,TERRY,48445,2025-04-11,case_lab-confirmed,1,15,TX
TEXAS,2025-04-06,YOAKUM,48501,2025-04-11,case_lab-confirmed,1,15,TX
COLORADO,2025-04-06,ARCHULETA,8007,2025-04-09,case_lab-confirmed,1,15,CO
COLORADO,2025-04-06,DENVER,8031,2025-04-07,case_lab-confirmed,1,15,CO
ARKANSAS,2025-04-06,FAULKNER,5045,2025-04-10,case_lab-confirmed,1,15,AR
ARKANSAS,2025-04-06,SALINE,5125,2025-04-10,case_lab-confirmed,1,15,AR
NEW JERSEY,2025-04-06,UNKNOWN,NA,2025-04-06,NA,0,NA,NJ
FLORIDA,2025-04-06,UNKNOWN,NA,2025-04-06,NA,0,NA,FL
PENNSYLVANIA,2025-04-06,PHILADELPHIA,42101,2025-04-11,case_lab-confirmed,1,15,PA
NORTH DAKOTA,2025-04-06,UNKNOWN,NA,2025-04-06,NA,0,NA,ND
MONTANA,2025-04-06,UNKNOWN,NA,2025-04-06,NA,0,NA,MT
MISSOURI,2025-04-06,UNKNOWN,NA,2025-04-06,NA,0,NA,MO
IOWA,2025-04-06,UNKNOWN,NA,2025-04-06,NA,0,NA,IA
NEW MEXICO,2025-04-06,CHAVES,35005,2025-04-08,case_lab-confirmed,1,15,NM
NEW MEXICO,2025-04-06,LEA,35025,2025-04-08,case_lab-confirmed,1,15,NM
NEW MEXICO,2025-04-06,LEA,35025,2025-04-11,case_lab-confirmed,2,15,NM
ILLINOIS,2025-04-06,UNKNOWN,NA,2025-04-06,NA,0,NA,IL
MINNESOTA,2025-04-06,UNKNOWN,NA,2025-04-06,NA,0,NA,MN
KENTUCKY,2025-04-06,UNKNOWN,NA,2025-04-06,NA,0,NA,KY
CALIFORNIA,2025-04-06,UNKNOWN,NA,2025-04-06,NA,0,NA,CA
GEORGIA,2025-04-06,UNKNOWN,NA,2025-04-06,NA,0,NA,GA
KANSAS,2025-04-06,HASKELL,20081,2025-04-09,case_lab-confirmed,8,15,KS
KANSAS,2025-04-06,STEVENS,20189,2025-04-09,case_lab-confirmed,1,15,KS
KANSAS,2025-04-06,UNKNOWN COUNTY,20,2025-04-09,case_lab-confirmed,2,15,KS
NORTH CAROLINA,2025-04-06,UNKNOWN,NA,2025-04-06,NA,0,NA,NC
HAWAII,2025-04-06,HONOLULU,15003,2025-04-08,case_lab-confirmed,1,15,HI
MARYLAND,2025-04-06,UNKNOWN,NA,2025-04-06,NA,0,NA,MD
WASHINGTON,2025-04-06,KING,53033,2025-04-11,case_lab-confirmed,1,15,WA
VERMONT,2025-04-06,UNKNOWN,NA,2025-04-06,NA,0,NA,VT
SOUTH DAKOTA,2025-04-06,UNKNOWN,NA,2025-04-06,NA,0,NA,SD
TENNESSEE,2025-04-06,UNKNOWN,NA,2025-04-06,NA,0,NA,TN
OREGON,2025-04-06,UNKNOWN,NA,2025-04-06,NA,0,NA,OR
WYOMING,2025-04-06,UNKNOWN,NA,2025-04-06,NA,0,NA,WY
ARIZONA,2025-04-06,UNKNOWN,NA,2025-04-06,NA,0,NA,AZ
NEW YORK,2025-04-06,UNKNOWN,NA,2025-04-06,NA,0,NA,NY
VIRGINIA,2025-04-06,UNKNOWN,NA,2025-04-06,NA,0,NA,VA
LOUISIANA,2025-04-06,UNKNOWN,NA,2025-04-06,NA,0,NA,LA
RHODE ISLAND,2025-04-06,UNKNOWN,NA,2025-04-06,NA,0,NA,RI
NEBRASKA,2025-04-06,UNKNOWN,NA,2025-04-06,NA,0,NA,NE
UTAH,2025-04-06,UNKNOWN,NA,2025-04-06,NA,0,NA,UT
OKLAHOMA,2025-04-06,UNKNOWN,NA,2025-04-06,NA,0,NA,OK
SOUTH CAROLINA,2025-04-06,UNKNOWN,NA,2025-04-06,NA,0,NA,SC
DISTRICT OF COLUMBIA,2025-04-06,UNKNOWN,NA,2025-04-06,NA,0,NA,DC
MICHIGAN,2025-04-20,MONTCALM,26117,2025-04-23,case_lab-confirmed,1,17,MI
INDIANA,2025-04-20,ALLEN,18003,2025-04-23,case_lab-confirmed,2,17,IN
OHIO,2025-04-20,UNKNOWN,NA,2025-04-20,NA,0,NA,OH
ALASKA,2025-04-20,UNKNOWN,NA,2025-04-20,NA,0,NA,AK
TEXAS,2025-04-20,ANDREWS,48003,2025-04-25,case_lab-confirmed,1,17,TX
TEXAS,2025-04-20,ATASCOSA,48013,2025-04-25,case_lab-confirmed,1,17,TX
TEXAS,2025-04-20,BAILEY,48017,2025-04-23,case_lab-confirmed,2,17,TX
TEXAS,2025-04-20,COCHRAN,48079,2025-04-25,case_lab-confirmed,2,17,TX
TEXAS,2025-04-20,COLLIN,48085,2025-04-25,case_lab-confirmed,1,17,TX
TEXAS,2025-04-20,DAWSON,48115,2025-04-25,case_lab-confirmed,1,17,TX
TEXAS,2025-04-20,ECTOR,48135,2025-04-23,case_lab-confirmed,1,17,TX
TEXAS,2025-04-20,EL PASO,48141,2025-04-23,case_lab-confirmed,2,17,TX
TEXAS,2025-04-20,EL PASO,48141,2025-04-25,case_lab-confirmed,2,17,TX
TEXAS,2025-04-20,GAINES,48165,2025-04-23,case_lab-confirmed,15,17,TX
TEXAS,2025-04-20,GAINES,48165,2025-04-25,case_lab-confirmed,7,17,TX
TEXAS,2025-04-20,LAMAR,48277,2025-04-25,case_lab-confirmed,3,17,TX
TEXAS,2025-04-20,LUBBOCK,48303,2025-04-23,case_lab-confirmed,5,17,TX
TEXAS,2025-04-20,MIDLAND,48329,2025-04-23,case_lab-confirmed,1,17,TX
TEXAS,2025-04-20,ROCKWALL,48397,2025-04-23,case_lab-confirmed,1,17,TX
TEXAS,2025-04-20,TERRY,48445,2025-04-23,case_lab-confirmed,2,17,TX
TEXAS,2025-04-20,TERRY,48445,2025-04-25,case_lab-confirmed,5,17,TX
TEXAS,2025-04-20,UPSHUR,48459,2025-04-25,case_lab-confirmed,1,17,TX
COLORADO,2025-04-20,DENVER,8031,2025-04-23,case_lab-confirmed,1,17,CO
COLORADO,2025-04-20,DENVER,8031,2025-04-25,case_lab-confirmed,1,17,CO
ARKANSAS,2025-04-20,UNKNOWN,NA,2025-04-20,NA,0,NA,AR
NEW JERSEY,2025-04-20,UNKNOWN,NA,2025-04-20,NA,0,NA,NJ
FLORIDA,2025-04-20,BROWARD,12011,2025-04-22,case_lab-confirmed,1,17,FL
PENNSYLVANIA,2025-04-20,UNKNOWN,NA,2025-04-20,NA,0,NA,PA
NORTH DAKOTA,2025-04-20,UNKNOWN,NA,2025-04-20,NA,0,NA,ND
MONTANA,2025-04-20,UNKNOWN,NA,2025-04-20,NA,0,NA,MT
MISSOURI,2025-04-20,UNKNOWN,NA,2025-04-20,NA,0,NA,MO
IOWA,2025-04-20,UNKNOWN,NA,2025-04-20,NA,0,NA,IA
NEW MEXICO,2025-04-20,EDDY,35015,2025-04-25,case_lab-confirmed,1,17,NM
NEW MEXICO,2025-04-20,LEA,35025,2025-04-23,case_lab-confirmed,2,17,NM
ILLINOIS,2025-04-20,COOK,17031,2025-04-25,case_lab-confirmed,1,17,IL
ILLINOIS,2025-04-20,WILLIAMSON,17199,2025-04-23,case_lab-confirmed,1,17,IL
MINNESOTA,2025-04-20,HENNEPIN,27053,2025-04-23,case_lab-confirmed,1,17,MN
KENTUCKY,2025-04-20,UNKNOWN,NA,2025-04-20,NA,0,NA,KY
CALIFORNIA,2025-04-20,LOS ANGELES,6037,2025-04-25,case_lab-confirmed,1,17,CA
GEORGIA,2025-04-20,UNKNOWN,NA,2025-04-20,NA,0,NA,GA
KANSAS,2025-04-20,UNKNOWN,NA,2025-04-20,NA,0,NA,KS
NORTH CAROLINA,2025-04-20,UNKNOWN,NA,2025-04-20,NA,0,NA,NC
HAWAII,2025-04-20,UNKNOWN,NA,2025-04-20,NA,0,NA,HI
MARYLAND,2025-04-20,UNKNOWN,NA,2025-04-20,NA,0,NA,MD
WASHINGTON,2025-04-20,KING,53033,2025-04-24,case_lab-confirmed,1,17,WA
VERMONT,2025-04-20,UNKNOWN,NA,2025-04-20,NA,0,NA,VT
SOUTH DAKOTA,2025-04-20,UNKNOWN,NA,2025-04-20,NA,0,NA,SD
TENNESSEE,2025-04-20,UNKNOWN,NA,2025-04-20,NA,0,NA,TN
OREGON,2025-04-20,UNKNOWN,NA,2025-04-20,NA,0,NA,OR
WYOMING,2025-04-20,UNKNOWN,NA,2025-04-20,NA,0,NA,WY
ARIZONA,2025-04-20,UNKNOWN,NA,2025-04-20,NA,0,NA,AZ
NEW YORK,2025-04-20,UNKNOWN,NA,2025-04-20,NA,0,NA,NY
VIRGINIA,2025-04-20,UNKNOWN,NA,2025-04-20,NA,0,NA,VA
LOUISIANA,2025-04-20,ORLEANS,22071,2025-04-22,case_lab-confirmed,1,17,LA
RHODE ISLAND,2025-04-20,UNKNOWN,NA,2025-04-20,NA,0,NA,RI
NEBRASKA,2025-04-20,UNKNOWN,NA,2025-04-20,NA,0,NA,NE
UTAH,2025-04-20,UNKNOWN,NA,2025-04-20,NA,0,NA,UT
OKLAHOMA,2025-04-20,UNKNOWN COUNTY,40109,2025-04-23,case_lab-confirmed,1,17,OK
OKLAHOMA,2025-04-20,UNKNOWN COUNTY,40109,2025-04-25,case_lab-confirmed,2,17,OK
SOUTH CAROLINA,2025-04-20,UNKNOWN,NA,2025-04-20,NA,0,NA,SC
DISTRICT OF COLUMBIA,2025-04-20,UNKNOWN,NA,2025-04-20,NA,0,NA,DC
MICHIGAN,2025-03-09,OAKLAND,26125,2025-03-14,case_lab-confirmed,1,11,MI
INDIANA,2025-03-09,UNKNOWN,NA,2025-03-09,NA,0,NA,IN
OHIO,2025-03-09,ALLEN,39003,2025-03-14,case_lab-confirmed,1,11,OH
OHIO,2025-03-09,ASHTABULA,39007,2025-03-09,case_lab-confirmed,6,11,OH
ALASKA,2025-03-09,UNKNOWN,NA,2025-03-09,NA,0,NA,AK
TEXAS,2025-03-09,GAINES,48165,2025-03-11,case_lab-confirmed,49,11,TX
COLORADO,2025-03-09,UNKNOWN,NA,2025-03-09,NA,0,NA,CO
ARKANSAS,2025-03-09,UNKNOWN,NA,2025-03-09,NA,0,NA,AR
NEW JERSEY,2025-03-09,UNKNOWN,NA,2025-03-09,NA,0,NA,NJ
FLORIDA,2025-03-09,UNKNOWN,NA,2025-03-09,NA,0,NA,FL
PENNSYLVANIA,2025-03-09,UNKNOWN,NA,2025-03-09,NA,0,NA,PA
NORTH DAKOTA,2025-03-09,UNKNOWN,NA,2025-03-09,NA,0,NA,ND
MONTANA,2025-03-09,UNKNOWN,NA,2025-03-09,NA,0,NA,MT
MISSOURI,2025-03-09,UNKNOWN,NA,2025-03-09,NA,0,NA,MO
IOWA,2025-03-09,UNKNOWN,NA,2025-03-09,NA,0,NA,IA
NEW MEXICO,2025-03-09,LEA,35025,2025-03-11,case_lab-confirmed,2,11,NM
ILLINOIS,2025-03-09,UNKNOWN,NA,2025-03-09,NA,0,NA,IL
MINNESOTA,2025-03-09,UNKNOWN,NA,2025-03-09,NA,0,NA,MN
KENTUCKY,2025-03-09,UNKNOWN,NA,2025-03-09,NA,0,NA,KY
CALIFORNIA,2025-03-09,FRESNO,6019,2025-03-11,case_lab-confirmed,1,11,CA
CALIFORNIA,2025-03-09,LOS ANGELES,6037,2025-03-11,case_lab-confirmed,1,11,CA
GEORGIA,2025-03-09,UNKNOWN,NA,2025-03-09,NA,0,NA,GA
KANSAS,2025-03-09,UNKNOWN,NA,2025-03-09,NA,0,NA,KS
NORTH CAROLINA,2025-03-09,UNKNOWN,NA,2025-03-09,NA,0,NA,NC
HAWAII,2025-03-09,UNKNOWN,NA,2025-03-09,NA,0,NA,HI
MARYLAND,2025-03-09,HOWARD,24027,2025-03-09,case_lab-confirmed,1,11,MD
MARYLAND,2025-03-09,PRINCE GEORGE'S,24033,2025-03-10,case_lab-confirmed,2,11,MD
WASHINGTON,2025-03-09,UNKNOWN,NA,2025-03-09,NA,0,NA,WA
VERMONT,2025-03-09,LAMOILLE,50015,2025-03-11,case_lab-confirmed,1,11,VT
SOUTH DAKOTA,2025-03-09,UNKNOWN,NA,2025-03-09,NA,0,NA,SD
TENNESSEE,2025-03-09,UNKNOWN,NA,2025-03-09,NA,0,NA,TN
OREGON,2025-03-09,UNKNOWN,NA,2025-03-09,NA,0,NA,OR
WYOMING,2025-03-09,UNKNOWN,NA,2025-03-09,NA,0,NA,WY
ARIZONA,2025-03-09,UNKNOWN,NA,2025-03-09,NA,0,NA,AZ
NEW YORK,2025-03-09,SUFFOLK,36103,2025-03-11,case_lab-confirmed,1,11,NY
VIRGINIA,2025-03-09,UNKNOWN,NA,2025-03-09,NA,0,NA,VA
LOUISIANA,2025-03-09,UNKNOWN,NA,2025-03-09,NA,0,NA,LA
RHODE ISLAND,2025-03-09,UNKNOWN,NA,2025-03-09,NA,0,NA,RI
NEBRASKA,2025-03-09,UNKNOWN,NA,2025-03-09,NA,0,NA,NE
UTAH,2025-03-09,UNKNOWN,NA,2025-03-09,NA,0,NA,UT
OKLAHOMA,2025-03-09,UNKNOWN,NA,2025-03-09,NA,0,NA,OK
SOUTH CAROLINA,2025-03-09,UNKNOWN,NA,2025-03-09,NA,0,NA,SC
DISTRICT OF COLUMBIA,2025-03-09,UNKNOWN,NA,2025-03-09,NA,0,NA,DC
MICHIGAN,2025-01-12,UNKNOWN,NA,2025-01-12,NA,0,NA,MI
INDIANA,2025-01-12,UNKNOWN,NA,2025-01-12,NA,0,NA,IN
OHIO,2025-01-12,UNKNOWN,NA,2025-01-12,NA,0,NA,OH
ALASKA,2025-01-12,ANCHORAGE,2020,2025-01-16,case_lab-confirmed,1,3,AK
TEXAS,2025-01-12,UNKNOWN,NA,2025-01-12,NA,0,NA,TX
COLORADO,2025-01-12,UNKNOWN,NA,2025-01-12,NA,0,NA,CO
ARKANSAS,2025-01-12,UNKNOWN,NA,2025-01-12,NA,0,NA,AR
NEW JERSEY,2025-01-12,UNKNOWN,NA,2025-01-12,NA,0,NA,NJ
FLORIDA,2025-01-12,UNKNOWN,NA,2025-01-12,NA,0,NA,FL
PENNSYLVANIA,2025-01-12,UNKNOWN,NA,2025-01-12,NA,0,NA,PA
NORTH DAKOTA,2025-01-12,UNKNOWN,NA,2025-01-12,NA,0,NA,ND
MONTANA,2025-01-12,UNKNOWN,NA,2025-01-12,NA,0,NA,MT
MISSOURI,2025-01-12,UNKNOWN,NA,2025-01-12,NA,0,NA,MO
IOWA,2025-01-12,UNKNOWN,NA,2025-01-12,NA,0,NA,IA
NEW MEXICO,2025-01-12,UNKNOWN,NA,2025-01-12,NA,0,NA,NM
ILLINOIS,2025-01-12,UNKNOWN,NA,2025-01-12,NA,0,NA,IL
MINNESOTA,2025-01-12,UNKNOWN,NA,2025-01-12,NA,0,NA,MN
KENTUCKY,2025-01-12,UNKNOWN,NA,2025-01-12,NA,0,NA,KY
CALIFORNIA,2025-01-12,UNKNOWN,NA,2025-01-12,NA,0,NA,CA
GEORGIA,2025-01-12,UNKNOWN,NA,2025-01-12,NA,0,NA,GA
KANSAS,2025-01-12,UNKNOWN,NA,2025-01-12,NA,0,NA,KS
NORTH CAROLINA,2025-01-12,UNKNOWN,NA,2025-01-12,NA,0,NA,NC
HAWAII,2025-01-12,UNKNOWN,NA,2025-01-12,NA,0,NA,HI
MARYLAND,2025-01-12,UNKNOWN,NA,2025-01-12,NA,0,NA,MD
WASHINGTON,2025-01-12,UNKNOWN,NA,2025-01-12,NA,0,NA,WA
VERMONT,2025-01-12,UNKNOWN,NA,2025-01-12,NA,0,NA,VT
SOUTH DAKOTA,2025-01-12,UNKNOWN,NA,2025-01-12,NA,0,NA,SD
TENNESSEE,2025-01-12,UNKNOWN,NA,2025-01-12,NA,0,NA,TN
OREGON,2025-01-12,UNKNOWN,NA,2025-01-12,NA,0,NA,OR
WYOMING,2025-01-12,UNKNOWN,NA,2025-01-12,NA,0,NA,WY
ARIZONA,2025-01-12,UNKNOWN,NA,2025-01-12,NA,0,NA,AZ
NEW YORK,2025-01-12,UNKNOWN,NA,2025-01-12,NA,0,NA,NY
VIRGINIA,2025-01-12,UNKNOWN,NA,2025-01-12,NA,0,NA,VA
LOUISIANA,2025-01-12,UNKNOWN,NA,2025-01-12,NA,0,NA,LA
RHODE ISLAND,2025-01-12,PROVIDENCE,44007,2025-01-18,case_lab-confirmed,1,3,RI
NEBRASKA,2025-01-12,UNKNOWN,NA,2025-01-12,NA,0,NA,NE
UTAH,2025-01-12,UNKNOWN,NA,2025-01-12,NA,0,NA,UT
OKLAHOMA,2025-01-12,UNKNOWN,NA,2025-01-12,NA,0,NA,OK
SOUTH CAROLINA,2025-01-12,UNKNOWN,NA,2025-01-12,NA,0,NA,SC
DISTRICT OF COLUMBIA,2025-01-12,UNKNOWN,NA,2025-01-12,NA,0,NA,DC
MICHIGAN,2025-05-18,UNKNOWN,NA,2025-05-18,NA,0,NA,MI
INDIANA,2025-05-18,UNKNOWN,NA,2025-05-18,NA,0,NA,IN
OHIO,2025-05-18,FRANKLIN,39049,2025-05-20,case_lab-confirmed,1,21,OH
ALASKA,2025-05-18,ANCHORAGE,2020,2025-05-22,case_lab-confirmed,1,21,AK
TEXAS,2025-05-18,BREWSTER,48043,2025-05-23,case_lab-confirmed,1,21,TX
TEXAS,2025-05-18,DENTON,48121,2025-05-23,case_lab-confirmed,1,21,TX
TEXAS,2025-05-18,EL PASO,48141,2025-05-20,case_lab-confirmed,2,21,TX
TEXAS,2025-05-18,EL PASO,48141,2025-05-23,case_lab-confirmed,2,21,TX
TEXAS,2025-05-18,GAINES,48165,2025-05-23,case_lab-confirmed,2,21,TX
TEXAS,2025-05-18,HARRISON,48203,2025-05-20,case_lab-confirmed,1,21,TX
TEXAS,2025-05-18,HAYS,48209,2025-05-23,case_lab-confirmed,1,21,TX
TEXAS,2025-05-18,LAMAR,48277,2025-05-23,case_lab-confirmed,1,21,TX
TEXAS,2025-05-18,LUBBOCK,48303,2025-05-20,case_lab-confirmed,1,21,TX
TEXAS,2025-05-18,MCLENNAN,48309,2025-05-23,case_lab-confirmed,1,21,TX
TEXAS,2025-05-18,MIDLAND,48329,2025-05-23,case_lab-confirmed,2,21,TX
TEXAS,2025-05-18,RANDALL,48381,2025-05-20,case_lab-confirmed,1,21,TX
TEXAS,2025-05-18,RANDALL,48381,2025-05-23,case_lab-confirmed,1,21,TX
TEXAS,2025-05-18,SCURRY,48415,2025-05-23,case_lab-confirmed,1,21,TX
COLORADO,2025-05-18,UNKNOWN,NA,2025-05-18,NA,0,NA,CO
ARKANSAS,2025-05-18,FAULKNER,5045,2025-05-20,case_lab-confirmed,1,21,AR
NEW JERSEY,2025-05-18,UNKNOWN,NA,2025-05-18,NA,0,NA,NJ
FLORIDA,2025-05-18,UNKNOWN,NA,2025-05-18,NA,0,NA,FL
PENNSYLVANIA,2025-05-18,UNKNOWN,NA,2025-05-18,NA,0,NA,PA
NORTH DAKOTA,2025-05-18,GRAND FORKS,38035,2025-05-20,case_lab-confirmed,1,21,ND
NORTH DAKOTA,2025-05-18,GRAND FORKS,38035,2025-05-22,case_lab-confirmed,1,21,ND
NORTH DAKOTA,2025-05-18,WILLIAMS,38105,2025-05-18,case_lab-confirmed,1,21,ND
MONTANA,2025-05-18,FLATHEAD,30029,2025-05-21,case_lab-confirmed,1,21,MT
MONTANA,2025-05-18,GALLATIN,30031,2025-05-23,case_lab-confirmed,1,21,MT
MONTANA,2025-05-18,HILL,30041,2025-05-22,case_lab-confirmed,1,21,MT
MISSOURI,2025-05-18,UNKNOWN,NA,2025-05-18,NA,0,NA,MO
IOWA,2025-05-18,CENTRAL,19,2025-05-23,case_lab-confirmed,1,21,IA
NEW MEXICO,2025-05-18,SANDOVAL,35043,2025-05-23,case_lab-confirmed,4,21,NM
ILLINOIS,2025-05-18,UNKNOWN,NA,2025-05-18,NA,0,NA,IL
MINNESOTA,2025-05-18,UNKNOWN,NA,2025-05-18,NA,0,NA,MN
KENTUCKY,2025-05-18,UNKNOWN,NA,2025-05-18,NA,0,NA,KY
CALIFORNIA,2025-05-18,UNKNOWN,NA,2025-05-18,NA,0,NA,CA
GEORGIA,2025-05-18,FULTON,13121,2025-05-19,case_lab-confirmed,1,21,GA
KANSAS,2025-05-18,HASKELL,20081,2025-05-21,case_lab-confirmed,2,21,KS
NORTH CAROLINA,2025-05-18,UNKNOWN,NA,2025-05-18,NA,0,NA,NC
HAWAII,2025-05-18,UNKNOWN,NA,2025-05-18,NA,0,NA,HI
MARYLAND,2025-05-18,UNKNOWN,NA,2025-05-18,NA,0,NA,MD
WASHINGTON,2025-05-18,KING,53033,2025-05-20,case_lab-confirmed,1,21,WA
VERMONT,2025-05-18,UNKNOWN,NA,2025-05-18,NA,0,NA,VT
SOUTH DAKOTA,2025-05-18,UNKNOWN,NA,2025-05-18,NA,0,NA,SD
TENNESSEE,2025-05-18,UNKNOWN,NA,2025-05-18,NA,0,NA,TN
OREGON,2025-05-18,UNKNOWN,NA,2025-05-18,NA,0,NA,OR
WYOMING,2025-05-18,UNKNOWN,NA,2025-05-18,NA,0,NA,WY
ARIZONA,2025-05-18,UNKNOWN,NA,2025-05-18,NA,0,NA,AZ
NEW YORK,2025-05-18,UNKNOWN,NA,2025-05-18,NA,0,NA,NY
VIRGINIA,2025-05-18,UNKNOWN,NA,2025-05-18,NA,0,NA,VA
LOUISIANA,2025-05-18,UNKNOWN,NA,2025-05-18,NA,0,NA,LA
RHODE ISLAND,2025-05-18,UNKNOWN,NA,2025-05-18,NA,0,NA,RI
NEBRASKA,2025-05-18,UNKNOWN,NA,2025-05-18,NA,0,NA,NE
UTAH,2025-05-18,UNKNOWN,NA,2025-05-18,NA,0,NA,UT
OKLAHOMA,2025-05-18,UNKNOWN,NA,2025-05-18,NA,0,NA,OK
SOUTH CAROLINA,2025-05-18,UNKNOWN,NA,2025-05-18,NA,0,NA,SC
DISTRICT OF COLUMBIA,2025-05-18,UNKNOWN,NA,2025-05-18,NA,0,NA,DC
MICHIGAN,2025-03-16,UNKNOWN,NA,2025-03-16,NA,0,NA,MI
INDIANA,2025-03-16,UNKNOWN,NA,2025-03-16,NA,0,NA,IN
OHIO,2025-03-16,UNKNOWN,NA,2025-03-16,NA,0,NA,OH
ALASKA,2025-03-16,UNKNOWN,NA,2025-03-16,NA,0,NA,AK
TEXAS,2025-03-16,ANDREWS,48003,2025-03-20,case_lab-confirmed,1,12,TX
TEXAS,2025-03-16,COCHRAN,48079,2025-03-18,case_lab-confirmed,7,12,TX
TEXAS,2025-03-16,COCHRAN,48079,2025-03-20,case_lab-confirmed,1,12,TX
TEXAS,2025-03-16,DALLAM,48111,2025-03-18,case_lab-confirmed,2,12,TX
TEXAS,2025-03-16,DALLAM,48111,2025-03-20,case_lab-confirmed,1,12,TX
TEXAS,2025-03-16,DAWSON,48115,2025-03-18,case_lab-confirmed,3,12,TX
TEXAS,2025-03-16,DAWSON,48115,2025-03-20,case_lab-confirmed,3,12,TX
TEXAS,2025-03-16,ECTOR,48135,2025-03-20,case_lab-confirmed,2,12,TX
TEXAS,2025-03-16,ERATH,48143,2025-03-20,case_lab-confirmed,1,12,TX
TEXAS,2025-03-16,GAINES,48165,2025-03-18,case_lab-confirmed,35,12,TX
TEXAS,2025-03-16,GAINES,48165,2025-03-20,case_lab-confirmed,79,12,TX
TEXAS,2025-03-16,GARZA,48169,2025-03-20,case_lab-confirmed,1,12,TX
TEXAS,2025-03-16,HALE,48189,2025-03-20,case_lab-confirmed,1,12,TX
TEXAS,2025-03-16,HARRIS,48201,2025-03-20,case_lab-confirmed,1,12,TX
TEXAS,2025-03-16,HOCKLEY,48219,2025-03-20,case_lab-confirmed,1,12,TX
TEXAS,2025-03-16,LAMAR,48277,2025-03-20,case_lab-confirmed,10,12,TX
TEXAS,2025-03-16,LAMB,48279,2025-03-20,case_lab-confirmed,1,12,TX
TEXAS,2025-03-16,LUBBOCK,48303,2025-03-18,case_lab-confirmed,3,12,TX
TEXAS,2025-03-16,LUBBOCK,48303,2025-03-20,case_lab-confirmed,18,12,TX
TEXAS,2025-03-16,MIDLAND,48329,2025-03-20,case_lab-confirmed,1,12,TX
TEXAS,2025-03-16,ROCKWALL,48397,2025-03-20,case_lab-confirmed,1,12,TX
TEXAS,2025-03-16,TERRY,48445,2025-03-18,case_lab-confirmed,15,12,TX
TEXAS,2025-03-16,TERRY,48445,2025-03-20,case_lab-confirmed,2,12,TX
TEXAS,2025-03-16,TRAVIS,48453,2025-03-20,case_lab-confirmed,1,12,TX
TEXAS,2025-03-16,YOAKUM,48501,2025-03-18,case_lab-confirmed,5,12,TX
TEXAS,2025-03-16,YOAKUM,48501,2025-03-20,case_lab-confirmed,4,12,TX
COLORADO,2025-03-16,UNKNOWN,NA,2025-03-16,NA,0,NA,CO
ARKANSAS,2025-03-16,UNKNOWN,NA,2025-03-16,NA,0,NA,AR
NEW JERSEY,2025-03-16,UNKNOWN,NA,2025-03-16,NA,0,NA,NJ
FLORIDA,2025-03-16,UNKNOWN,NA,2025-03-16,NA,0,NA,FL
PENNSYLVANIA,2025-03-16,UNKNOWN,NA,2025-03-16,NA,0,NA,PA
NORTH DAKOTA,2025-03-16,UNKNOWN,NA,2025-03-16,NA,0,NA,ND
MONTANA,2025-03-16,UNKNOWN,NA,2025-03-16,NA,0,NA,MT
MISSOURI,2025-03-16,UNKNOWN,NA,2025-03-16,NA,0,NA,MO
IOWA,2025-03-16,UNKNOWN,NA,2025-03-16,NA,0,NA,IA
NEW MEXICO,2025-03-16,UNKNOWN,NA,2025-03-16,NA,0,NA,NM
ILLINOIS,2025-03-16,UNKNOWN,NA,2025-03-16,NA,0,NA,IL
MINNESOTA,2025-03-16,UNKNOWN,NA,2025-03-16,NA,0,NA,MN
KENTUCKY,2025-03-16,UNKNOWN,NA,2025-03-16,NA,0,NA,KY
CALIFORNIA,2025-03-16,FRESNO,6019,2025-03-19,case_lab-confirmed,1,12,CA
CALIFORNIA,2025-03-16,TUOLUMNE,6109,2025-03-19,case_lab-confirmed,2,12,CA
GEORGIA,2025-03-16,UNKNOWN,NA,2025-03-16,NA,0,NA,GA
KANSAS,2025-03-16,UNKNOWN,NA,2025-03-16,NA,0,NA,KS
NORTH CAROLINA,2025-03-16,UNKNOWN,NA,2025-03-16,NA,0,NA,NC
HAWAII,2025-03-16,UNKNOWN,NA,2025-03-16,NA,0,NA,HI
MARYLAND,2025-03-16,UNKNOWN,NA,2025-03-16,NA,0,NA,MD
WASHINGTON,2025-03-16,SNOHOMISH,53061,2025-03-18,case_lab-confirmed,1,12,WA
VERMONT,2025-03-16,UNKNOWN,NA,2025-03-16,NA,0,NA,VT
SOUTH DAKOTA,2025-03-16,UNKNOWN,NA,2025-03-16,NA,0,NA,SD
TENNESSEE,2025-03-16,MID-CUMBERLAND REGION,0,2025-03-17,case_lab-confirmed,1,12,TN
OREGON,2025-03-16,UNKNOWN,NA,2025-03-16,NA,0,NA,OR
WYOMING,2025-03-16,UNKNOWN,NA,2025-03-16,NA,0,NA,WY
ARIZONA,2025-03-16,UNKNOWN,NA,2025-03-16,NA,0,NA,AZ
NEW YORK,2025-03-16,NEW YORK,36061,2025-03-20,case_lab-confirmed,1,12,NY
VIRGINIA,2025-03-16,UNKNOWN,NA,2025-03-16,NA,0,NA,VA
LOUISIANA,2025-03-16,UNKNOWN,NA,2025-03-16,NA,0,NA,LA
RHODE ISLAND,2025-03-16,UNKNOWN,NA,2025-03-16,NA,0,NA,RI
NEBRASKA,2025-03-16,UNKNOWN,NA,2025-03-16,NA,0,NA,NE
UTAH,2025-03-16,UNKNOWN,NA,2025-03-16,NA,0,NA,UT
OKLAHOMA,2025-03-16,UNKNOWN,NA,2025-03-16,NA,0,NA,OK
SOUTH CAROLINA,2025-03-16,UNKNOWN,NA,2025-03-16,NA,0,NA,SC
DISTRICT OF COLUMBIA,2025-03-16,UNKNOWN,NA,2025-03-16,NA,0,NA,DC
MICHIGAN,2025-04-13,INGHAM,26065,2025-04-15,case_lab-confirmed,1,16,MI
MICHIGAN,2025-04-13,MONTCALM,26117,2025-04-17,case_lab-confirmed,2,16,MI
INDIANA,2025-04-13,UNKNOWN,NA,2025-04-13,NA,0,NA,IN
OHIO,2025-04-13,DEFIANCE,39039,2025-04-13,case_lab-confirmed,1,16,OH
ALASKA,2025-04-13,UNKNOWN,NA,2025-04-13,NA,0,NA,AK
TEXAS,2025-04-13,ANDREWS,48003,2025-04-15,case_lab-confirmed,1,16,TX
TEXAS,2025-04-13,BRAZORIA,48039,2025-04-18,case_lab-confirmed,1,16,TX
TEXAS,2025-04-13,COCHRAN,48079,2025-04-15,case_lab-confirmed,1,16,TX
TEXAS,2025-04-13,DAWSON,48115,2025-04-18,case_lab-confirmed,3,16,TX
TEXAS,2025-04-13,ECTOR,48135,2025-04-18,case_lab-confirmed,1,16,TX
TEXAS,2025-04-13,EL PASO,48141,2025-04-15,case_lab-confirmed,4,16,TX
TEXAS,2025-04-13,EL PASO,48141,2025-04-18,case_lab-confirmed,11,16,TX
TEXAS,2025-04-13,GAINES,48165,2025-04-15,case_lab-confirmed,9,16,TX
TEXAS,2025-04-13,GAINES,48165,2025-04-18,case_lab-confirmed,7,16,TX
TEXAS,2025-04-13,HOCKLEY,48219,2025-04-18,case_lab-confirmed,2,16,TX
TEXAS,2025-04-13,LUBBOCK,48303,2025-04-15,case_lab-confirmed,3,16,TX
TEXAS,2025-04-13,LUBBOCK,48303,2025-04-18,case_lab-confirmed,1,16,TX
TEXAS,2025-04-13,MIDLAND,48329,2025-04-15,case_lab-confirmed,1,16,TX
TEXAS,2025-04-13,PARMER,48369,2025-04-18,case_lab-confirmed,4,16,TX
TEXAS,2025-04-13,POTTER,48375,2025-04-18,case_lab-confirmed,1,16,TX
TEXAS,2025-04-13,REEVES,48389,2025-04-15,case_lab-confirmed,1,16,TX
TEXAS,2025-04-13,TERRY,48445,2025-04-18,case_lab-confirmed,5,16,TX
TEXAS,2025-04-13,UPSHUR,48459,2025-04-18,case_lab-confirmed,1,16,TX
TEXAS,2025-04-13,YOAKUM,48501,2025-04-18,case_lab-confirmed,1,16,TX
COLORADO,2025-04-13,UNKNOWN,NA,2025-04-13,NA,0,NA,CO
ARKANSAS,2025-04-13,UNKNOWN,NA,2025-04-13,NA,0,NA,AR
NEW JERSEY,2025-04-13,UNKNOWN,NA,2025-04-13,NA,0,NA,NJ
FLORIDA,2025-04-13,UNKNOWN,NA,2025-04-13,NA,0,NA,FL
PENNSYLVANIA,2025-04-13,ERIE,42049,2025-04-15,case_lab-confirmed,2,16,PA
PENNSYLVANIA,2025-04-13,LANCASTER,42071,2025-04-15,case_lab-confirmed,1,16,PA
NORTH DAKOTA,2025-04-13,UNKNOWN,NA,2025-04-13,NA,0,NA,ND
MONTANA,2025-04-13,GALLATIN,30031,2025-04-17,case_lab-confirmed,5,16,MT
MISSOURI,2025-04-13,TANEY,29213,2025-04-18,case_lab-confirmed,1,16,MO
IOWA,2025-04-13,UNKNOWN,NA,2025-04-13,NA,0,NA,IA
NEW MEXICO,2025-04-13,DONA ANA,35013,2025-04-15,case_lab-confirmed,1,16,NM
NEW MEXICO,2025-04-13,LEA,35025,2025-04-15,case_lab-confirmed,4,16,NM
ILLINOIS,2025-04-13,UNKNOWN,NA,2025-04-13,NA,0,NA,IL
MINNESOTA,2025-04-13,UNKNOWN,NA,2025-04-13,NA,0,NA,MN
KENTUCKY,2025-04-13,UNKNOWN,NA,2025-04-13,NA,0,NA,KY
CALIFORNIA,2025-04-13,UNKNOWN,NA,2025-04-13,NA,0,NA,CA
GEORGIA,2025-04-13,UNKNOWN,NA,2025-04-13,NA,0,NA,GA
KANSAS,2025-04-13,UNKNOWN COUNTY,20,2025-04-16,case_lab-confirmed,3,16,KS
NORTH CAROLINA,2025-04-13,UNKNOWN,NA,2025-04-13,NA,0,NA,NC
HAWAII,2025-04-13,HONOLULU,15003,2025-04-17,case_lab-confirmed,1,16,HI
MARYLAND,2025-04-13,UNKNOWN,NA,2025-04-13,NA,0,NA,MD
WASHINGTON,2025-04-13,UNKNOWN,NA,2025-04-13,NA,0,NA,WA
VERMONT,2025-04-13,UNKNOWN,NA,2025-04-13,NA,0,NA,VT
SOUTH DAKOTA,2025-04-13,UNKNOWN,NA,2025-04-13,NA,0,NA,SD
TENNESSEE,2025-04-13,UPPER CUMBERLAND REGION,0,2025-04-14,case_lab-confirmed,1,16,TN
TENNESSEE,2025-04-13,UPPER CUMBERLAND REGION,0,2025-04-16,case_lab-confirmed,1,16,TN
OREGON,2025-04-13,UNKNOWN,NA,2025-04-13,NA,0,NA,OR
WYOMING,2025-04-13,UNKNOWN,NA,2025-04-13,NA,0,NA,WY
ARIZONA,2025-04-13,UNKNOWN,NA,2025-04-13,NA,0,NA,AZ
NEW YORK,2025-04-13,UNKNOWN,NA,2025-04-13,NA,0,NA,NY
VIRGINIA,2025-04-13,NORTHWEST REGION,0,2025-04-15,case_lab-confirmed,1,16,VA
LOUISIANA,2025-04-13,ORLEANS,22071,2025-04-19,case_lab-confirmed,1,16,LA
RHODE ISLAND,2025-04-13,UNKNOWN,NA,2025-04-13,NA,0,NA,RI
NEBRASKA,2025-04-13,UNKNOWN,NA,2025-04-13,NA,0,NA,NE
UTAH,2025-04-13,UNKNOWN,NA,2025-04-13,NA,0,NA,UT
OKLAHOMA,2025-04-13,UNKNOWN COUNTY,40109,2025-04-15,case_lab-confirmed,1,16,OK
SOUTH CAROLINA,2025-04-13,UNKNOWN,NA,2025-04-13,NA,0,NA,SC
DISTRICT OF COLUMBIA,2025-04-13,UNKNOWN,NA,2025-04-13,NA,0,NA,DC
MICHIGAN,2025-05-25,MARQUETTE,26103,2025-05-30,case_lab-confirmed,1,22,MI
INDIANA,2025-05-25,UNKNOWN,NA,2025-05-25,NA,0,NA,IN
OHIO,2025-05-25,UNKNOWN,NA,2025-05-25,NA,0,NA,OH
ALASKA,2025-05-25,UNKNOWN,NA,2025-05-25,NA,0,NA,AK
TEXAS,2025-05-25,ECTOR,48135,2025-05-30,case_lab-confirmed,1,22,TX
TEXAS,2025-05-25,EL PASO,48141,2025-05-27,case_lab-confirmed,1,22,TX
TEXAS,2025-05-25,EL PASO,48141,2025-05-30,case_lab-confirmed,2,22,TX
TEXAS,2025-05-25,GAINES,48165,2025-05-30,case_lab-confirmed,1,22,TX
TEXAS,2025-05-25,MCLENNAN,48309,2025-05-30,case_lab-confirmed,7,22,TX
TEXAS,2025-05-25,REEVES,48389,2025-05-30,case_lab-confirmed,1,22,TX
TEXAS,2025-05-25,TARRANT,48439,2025-05-27,case_lab-confirmed,2,22,TX
TEXAS,2025-05-25,WILLIAMSON,48491,2025-05-30,case_lab-confirmed,6,22,TX
COLORADO,2025-05-25,ARAPAHOE,8005,2025-05-28,case_lab-confirmed,1,22,CO
COLORADO,2025-05-25,ARAPAHOE,8005,2025-05-30,case_lab-confirmed,1,22,CO
ARKANSAS,2025-05-25,FAULKNER,5045,2025-05-27,case_lab-confirmed,1,22,AR
NEW JERSEY,2025-05-25,UNKNOWN,NA,2025-05-25,NA,0,NA,NJ
FLORIDA,2025-05-25,UNKNOWN,NA,2025-05-25,NA,0,NA,FL
PENNSYLVANIA,2025-05-25,UNKNOWN,NA,2025-05-25,NA,0,NA,PA
NORTH DAKOTA,2025-05-25,BURKE,38013,2025-05-27,case_lab-confirmed,1,22,ND
NORTH DAKOTA,2025-05-25,GRAND FORKS,38035,2025-05-25,case_lab-confirmed,2,22,ND
NORTH DAKOTA,2025-05-25,GRAND FORKS,38035,2025-05-26,case_lab-confirmed,1,22,ND
NORTH DAKOTA,2025-05-25,GRAND FORKS,38035,2025-05-28,case_lab-confirmed,2,22,ND
NORTH DAKOTA,2025-05-25,GRAND FORKS,38035,2025-05-30,case_lab-confirmed,1,22,ND
NORTH DAKOTA,2025-05-25,WILLIAMS,38105,2025-05-28,case_lab-confirmed,1,22,ND
MONTANA,2025-05-25,FLATHEAD,30029,2025-05-29,case_lab-confirmed,1,22,MT
MONTANA,2025-05-25,GALLATIN,30031,2025-05-28,case_lab-confirmed,1,22,MT
MISSOURI,2025-05-25,UNKNOWN,NA,2025-05-25,NA,0,NA,MO
IOWA,2025-05-25,UNKNOWN,NA,2025-05-25,NA,0,NA,IA
NEW MEXICO,2025-05-25,LEA,35025,2025-05-27,case_lab-confirmed,1,22,NM
ILLINOIS,2025-05-25,UNKNOWN,NA,2025-05-25,NA,0,NA,IL
MINNESOTA,2025-05-25,UNKNOWN,NA,2025-05-25,NA,0,NA,MN
KENTUCKY,2025-05-25,UNKNOWN,NA,2025-05-25,NA,0,NA,KY
CALIFORNIA,2025-05-25,SANTA CLARA,6085,2025-05-25,case_lab-confirmed,1,22,CA
GEORGIA,2025-05-25,UNKNOWN,NA,2025-05-25,NA,0,NA,GA
KANSAS,2025-05-25,GRAY,20069,2025-05-28,case_lab-confirmed,3,22,KS
NORTH CAROLINA,2025-05-25,UNKNOWN,NA,2025-05-25,NA,0,NA,NC
HAWAII,2025-05-25,UNKNOWN,NA,2025-05-25,NA,0,NA,HI
MARYLAND,2025-05-25,UNKNOWN,NA,2025-05-25,NA,0,NA,MD
WASHINGTON,2025-05-25,UNKNOWN,NA,2025-05-25,NA,0,NA,WA
VERMONT,2025-05-25,UNKNOWN,NA,2025-05-25,NA,0,NA,VT
SOUTH DAKOTA,2025-05-25,PENNINGTON,46103,2025-05-31,case_lab-confirmed,1,22,SD
TENNESSEE,2025-05-25,UNKNOWN,NA,2025-05-25,NA,0,NA,TN
OREGON,2025-05-25,UNKNOWN,NA,2025-05-25,NA,0,NA,OR
WYOMING,2025-05-25,UNKNOWN,NA,2025-05-25,NA,0,NA,WY
ARIZONA,2025-05-25,UNKNOWN,NA,2025-05-25,NA,0,NA,AZ
NEW YORK,2025-05-25,ONTARIO,36069,2025-05-27,case_lab-confirmed,1,22,NY
NEW YORK,2025-05-25,ORANGE,36071,2025-05-27,case_lab-confirmed,1,22,NY
VIRGINIA,2025-05-25,UNKNOWN,NA,2025-05-25,NA,0,NA,VA
LOUISIANA,2025-05-25,UNKNOWN,NA,2025-05-25,NA,0,NA,LA
RHODE ISLAND,2025-05-25,UNKNOWN,NA,2025-05-25,NA,0,NA,RI
NEBRASKA,2025-05-25,SHERIDAN,31161,2025-05-28,case_lab-confirmed,1,22,NE
UTAH,2025-05-25,UNKNOWN,NA,2025-05-25,NA,0,NA,UT
OKLAHOMA,2025-05-25,UNKNOWN,NA,2025-05-25,NA,0,NA,OK
SOUTH CAROLINA,2025-05-25,UNKNOWN,NA,2025-05-25,NA,0,NA,SC
DISTRICT OF COLUMBIA,2025-05-25,UNKNOWN,NA,2025-05-25,NA,0,NA,DC
MICHIGAN,2025-06-08,MACOMB,26099,2025-06-11,case_lab-confirmed,1,24,MI
INDIANA,2025-06-08,UNKNOWN,NA,2025-06-08,NA,0,NA,IN
OHIO,2025-06-08,UNKNOWN,NA,2025-06-08,NA,0,NA,OH
ALASKA,2025-06-08,UNKNOWN,NA,2025-06-08,NA,0,NA,AK
TEXAS,2025-06-08,EL PASO,48141,2025-06-10,case_lab-confirmed,1,24,TX
TEXAS,2025-06-08,MIDLAND,48329,2025-06-10,case_lab-confirmed,1,24,TX
COLORADO,2025-06-08,ARAPAHOE,8005,2025-06-09,case_lab-confirmed,1,24,CO
COLORADO,2025-06-08,BOULDER,8013,2025-06-13,case_lab-confirmed,1,24,CO
COLORADO,2025-06-08,EL PASO,8041,2025-06-09,case_lab-confirmed,1,24,CO
ARKANSAS,2025-06-08,UNKNOWN,NA,2025-06-08,NA,0,NA,AR
NEW JERSEY,2025-06-08,UNKNOWN,NA,2025-06-08,NA,0,NA,NJ
FLORIDA,2025-06-08,UNKNOWN,NA,2025-06-08,NA,0,NA,FL
PENNSYLVANIA,2025-06-08,UNKNOWN,NA,2025-06-08,NA,0,NA,PA
NORTH DAKOTA,2025-06-08,UNKNOWN,NA,2025-06-08,NA,0,NA,ND
MONTANA,2025-06-08,GALLATIN,30031,2025-06-09,case_lab-confirmed,1,24,MT
MONTANA,2025-06-08,GALLATIN,30031,2025-06-10,case_lab-confirmed,1,24,MT
MISSOURI,2025-06-08,UNKNOWN,NA,2025-06-08,NA,0,NA,MO
IOWA,2025-06-08,EASTERN,19,2025-06-09,case_lab-confirmed,1,24,IA
IOWA,2025-06-08,EASTERN,19,2025-06-11,case_lab-confirmed,1,24,IA
IOWA,2025-06-08,EASTERN,19,2025-06-12,case_lab-confirmed,3,24,IA
NEW MEXICO,2025-06-08,UNKNOWN,NA,2025-06-08,NA,0,NA,NM
ILLINOIS,2025-06-08,UNKNOWN,NA,2025-06-08,NA,0,NA,IL
MINNESOTA,2025-06-08,UNKNOWN COUNTY,27,2025-06-11,case_lab-confirmed,1,24,MN
KENTUCKY,2025-06-08,UNKNOWN,NA,2025-06-08,NA,0,NA,KY
CALIFORNIA,2025-06-08,LOS ANGELES,6037,2025-06-12,case_lab-confirmed,1,24,CA
GEORGIA,2025-06-08,UNKNOWN,NA,2025-06-08,NA,0,NA,GA
KANSAS,2025-06-08,GRAY,20069,2025-06-11,case_lab-confirmed,1,24,KS
KANSAS,2025-06-08,HASKELL,20081,2025-06-09,case_lab-confirmed,1,24,KS
KANSAS,2025-06-08,HASKELL,20081,2025-06-11,case_lab-confirmed,3,24,KS
NORTH CAROLINA,2025-06-08,UNKNOWN,NA,2025-06-08,NA,0,NA,NC
HAWAII,2025-06-08,UNKNOWN,NA,2025-06-08,NA,0,NA,HI
MARYLAND,2025-06-08,UNKNOWN,NA,2025-06-08,NA,0,NA,MD
WASHINGTON,2025-06-08,UNKNOWN,NA,2025-06-08,NA,0,NA,WA
VERMONT,2025-06-08,UNKNOWN,NA,2025-06-08,NA,0,NA,VT
SOUTH DAKOTA,2025-06-08,MEADE,46093,2025-06-14,case_lab-confirmed,1,24,SD
TENNESSEE,2025-06-08,UNKNOWN,NA,2025-06-08,NA,0,NA,TN
OREGON,2025-06-08,UNKNOWN,NA,2025-06-08,NA,0,NA,OR
WYOMING,2025-06-08,UNKNOWN,NA,2025-06-08,NA,0,NA,WY
ARIZONA,2025-06-08,NAVAJO,4017,2025-06-09,case_lab-confirmed,4,24,AZ
NEW YORK,2025-06-08,UNKNOWN,NA,2025-06-08,NA,0,NA,NY
VIRGINIA,2025-06-08,UNKNOWN,NA,2025-06-08,NA,0,NA,VA
LOUISIANA,2025-06-08,UNKNOWN,NA,2025-06-08,NA,0,NA,LA
RHODE ISLAND,2025-06-08,UNKNOWN,NA,2025-06-08,NA,0,NA,RI
NEBRASKA,2025-06-08,UNKNOWN,NA,2025-06-08,NA,0,NA,NE
UTAH,2025-06-08,UNKNOWN,NA,2025-06-08,NA,0,NA,UT
OKLAHOMA,2025-06-08,UNKNOWN COUNTY,40109,2025-06-13,case_lab-confirmed,1,24,OK
SOUTH CAROLINA,2025-06-08,UNKNOWN,NA,2025-06-08,NA,0,NA,SC
DISTRICT OF COLUMBIA,2025-06-08,WASHINGTON,11001,2025-06-14,case_lab-confirmed,1,24,DC
MICHIGAN,2025-02-23,UNKNOWN,NA,2025-02-23,NA,0,NA,MI
INDIANA,2025-02-23,UNKNOWN,NA,2025-02-23,NA,0,NA,IN
OHIO,2025-02-23,ASHTABULA,39007,2025-02-24,case_lab-confirmed,1,9,OH
OHIO,2025-02-23,ASHTABULA,39007,2025-02-25,case_lab-confirmed,1,9,OH
ALASKA,2025-02-23,UNKNOWN,NA,2025-02-23,NA,0,NA,AK
TEXAS,2025-02-23,DALLAM,48111,2025-02-25,case_lab-confirmed,4,9,TX
TEXAS,2025-02-23,DAWSON,48115,2025-02-25,case_lab-confirmed,1,9,TX
TEXAS,2025-02-23,DAWSON,48115,2025-02-28,case_lab-confirmed,1,9,TX
TEXAS,2025-02-23,ECTOR,48135,2025-02-25,case_lab-confirmed,1,9,TX
TEXAS,2025-02-23,GAINES,48165,2025-02-25,case_lab-confirmed,23,9,TX
TEXAS,2025-02-23,GAINES,48165,2025-02-28,case_lab-confirmed,18,9,TX
TEXAS,2025-02-23,LUBBOCK,48303,2025-02-28,case_lab-confirmed,1,9,TX
TEXAS,2025-02-23,LYNN,48305,2025-02-28,case_lab-confirmed,1,9,TX
TEXAS,2025-02-23,MARTIN,48317,2025-02-25,case_lab-confirmed,3,9,TX
TEXAS,2025-02-23,TERRY,48445,2025-02-25,case_lab-confirmed,1,9,TX
TEXAS,2025-02-23,YOAKUM,48501,2025-02-25,case_lab-confirmed,1,9,TX
TEXAS,2025-02-23,YOAKUM,48501,2025-02-28,case_lab-confirmed,1,9,TX
COLORADO,2025-02-23,UNKNOWN,NA,2025-02-23,NA,0,NA,CO
ARKANSAS,2025-02-23,UNKNOWN,NA,2025-02-23,NA,0,NA,AR
NEW JERSEY,2025-02-23,UNKNOWN,NA,2025-02-23,NA,0,NA,NJ
FLORIDA,2025-02-23,UNKNOWN,NA,2025-02-23,NA,0,NA,FL
PENNSYLVANIA,2025-02-23,UNKNOWN,NA,2025-02-23,NA,0,NA,PA
NORTH DAKOTA,2025-02-23,UNKNOWN,NA,2025-02-23,NA,0,NA,ND
MONTANA,2025-02-23,UNKNOWN,NA,2025-02-23,NA,0,NA,MT
MISSOURI,2025-02-23,UNKNOWN,NA,2025-02-23,NA,0,NA,MO
IOWA,2025-02-23,UNKNOWN,NA,2025-02-23,NA,0,NA,IA
NEW MEXICO,2025-02-23,UNKNOWN,NA,2025-02-23,NA,0,NA,NM
ILLINOIS,2025-02-23,UNKNOWN,NA,2025-02-23,NA,0,NA,IL
MINNESOTA,2025-02-23,UNKNOWN,NA,2025-02-23,NA,0,NA,MN
KENTUCKY,2025-02-23,FRANKLIN,21073,2025-02-26,case_lab-confirmed,1,9,KY
CALIFORNIA,2025-02-23,ORANGE,6059,2025-02-25,case_lab-confirmed,1,9,CA
GEORGIA,2025-02-23,UNKNOWN,NA,2025-02-23,NA,0,NA,GA
KANSAS,2025-02-23,UNKNOWN,NA,2025-02-23,NA,0,NA,KS
NORTH CAROLINA,2025-02-23,UNKNOWN,NA,2025-02-23,NA,0,NA,NC
HAWAII,2025-02-23,UNKNOWN,NA,2025-02-23,NA,0,NA,HI
MARYLAND,2025-02-23,UNKNOWN,NA,2025-02-23,NA,0,NA,MD
WASHINGTON,2025-02-23,KING,53033,2025-02-27,case_lab-confirmed,1,9,WA
VERMONT,2025-02-23,UNKNOWN,NA,2025-02-23,NA,0,NA,VT
SOUTH DAKOTA,2025-02-23,UNKNOWN,NA,2025-02-23,NA,0,NA,SD
TENNESSEE,2025-02-23,UNKNOWN,NA,2025-02-23,NA,0,NA,TN
OREGON,2025-02-23,UNKNOWN,NA,2025-02-23,NA,0,NA,OR
WYOMING,2025-02-23,UNKNOWN,NA,2025-02-23,NA,0,NA,WY
ARIZONA,2025-02-23,UNKNOWN,NA,2025-02-23,NA,0,NA,AZ
NEW YORK,2025-02-23,NEW YORK,36061,2025-02-26,case_lab-confirmed,1,9,NY
VIRGINIA,2025-02-23,UNKNOWN,NA,2025-02-23,NA,0,NA,VA
LOUISIANA,2025-02-23,UNKNOWN,NA,2025-02-23,NA,0,NA,LA
RHODE ISLAND,2025-02-23,UNKNOWN,NA,2025-02-23,NA,0,NA,RI
NEBRASKA,2025-02-23,UNKNOWN,NA,2025-02-23,NA,0,NA,NE
UTAH,2025-02-23,UNKNOWN,NA,2025-02-23,NA,0,NA,UT
OKLAHOMA,2025-02-23,UNKNOWN,NA,2025-02-23,NA,0,NA,OK
SOUTH CAROLINA,2025-02-23,UNKNOWN,NA,2025-02-23,NA,0,NA,SC
DISTRICT OF COLUMBIA,2025-02-23,UNKNOWN,NA,2025-02-23,NA,0,NA,DC
MICHIGAN,2025-03-02,UNKNOWN,NA,2025-03-02,NA,0,NA,MI
INDIANA,2025-03-02,UNKNOWN,NA,2025-03-02,NA,0,NA,IN
OHIO,2025-03-02,ASHTABULA,39007,2025-03-07,case_lab-confirmed,1,10,OH
OHIO,2025-03-02,ASHTABULA,39007,2025-03-08,case_lab-confirmed,1,10,OH
ALASKA,2025-03-02,UNKNOWN,NA,2025-03-02,NA,0,NA,AK
TEXAS,2025-03-02,GAINES,48165,2025-03-04,case_lab-confirmed,9,10,TX
COLORADO,2025-03-02,UNKNOWN,NA,2025-03-02,NA,0,NA,CO
ARKANSAS,2025-03-02,UNKNOWN,NA,2025-03-02,NA,0,NA,AR
NEW JERSEY,2025-03-02,UNKNOWN,NA,2025-03-02,NA,0,NA,NJ
FLORIDA,2025-03-02,MIAMI-DADE,12086,2025-03-06,case_lab-confirmed,1,10,FL
PENNSYLVANIA,2025-03-02,UNKNOWN,NA,2025-03-02,NA,0,NA,PA
NORTH DAKOTA,2025-03-02,UNKNOWN,NA,2025-03-02,NA,0,NA,ND
MONTANA,2025-03-02,UNKNOWN,NA,2025-03-02,NA,0,NA,MT
MISSOURI,2025-03-02,UNKNOWN,NA,2025-03-02,NA,0,NA,MO
IOWA,2025-03-02,UNKNOWN,NA,2025-03-02,NA,0,NA,IA
NEW MEXICO,2025-03-02,LEA,35025,2025-03-07,case_lab-confirmed,27,10,NM
ILLINOIS,2025-03-02,UNKNOWN,NA,2025-03-02,NA,0,NA,IL
MINNESOTA,2025-03-02,UNKNOWN,NA,2025-03-02,NA,0,NA,MN
KENTUCKY,2025-03-02,UNKNOWN,NA,2025-03-02,NA,0,NA,KY
CALIFORNIA,2025-03-02,UNKNOWN,NA,2025-03-02,NA,0,NA,CA
GEORGIA,2025-03-02,UNKNOWN,NA,2025-03-02,NA,0,NA,GA
KANSAS,2025-03-02,UNKNOWN,NA,2025-03-02,NA,0,NA,KS
NORTH CAROLINA,2025-03-02,UNKNOWN,NA,2025-03-02,NA,0,NA,NC
HAWAII,2025-03-02,UNKNOWN,NA,2025-03-02,NA,0,NA,HI
MARYLAND,2025-03-02,UNKNOWN,NA,2025-03-02,NA,0,NA,MD
WASHINGTON,2025-03-02,UNKNOWN,NA,2025-03-02,NA,0,NA,WA
VERMONT,2025-03-02,UNKNOWN,NA,2025-03-02,NA,0,NA,VT
SOUTH DAKOTA,2025-03-02,UNKNOWN,NA,2025-03-02,NA,0,NA,SD
TENNESSEE,2025-03-02,UNKNOWN,NA,2025-03-02,NA,0,NA,TN
OREGON,2025-03-02,UNKNOWN,NA,2025-03-02,NA,0,NA,OR
WYOMING,2025-03-02,UNKNOWN,NA,2025-03-02,NA,0,NA,WY
ARIZONA,2025-03-02,UNKNOWN,NA,2025-03-02,NA,0,NA,AZ
NEW YORK,2025-03-02,UNKNOWN,NA,2025-03-02,NA,0,NA,NY
VIRGINIA,2025-03-02,UNKNOWN,NA,2025-03-02,NA,0,NA,VA
LOUISIANA,2025-03-02,UNKNOWN,NA,2025-03-02,NA,0,NA,LA
RHODE ISLAND,2025-03-02,UNKNOWN,NA,2025-03-02,NA,0,NA,RI
NEBRASKA,2025-03-02,UNKNOWN,NA,2025-03-02,NA,0,NA,NE
UTAH,2025-03-02,UNKNOWN,NA,2025-03-02,NA,0,NA,UT
OKLAHOMA,2025-03-02,UNKNOWN,NA,2025-03-02,NA,0,NA,OK
SOUTH CAROLINA,2025-03-02,UNKNOWN,NA,2025-03-02,NA,0,NA,SC
DISTRICT OF COLUMBIA,2025-03-02,UNKNOWN,NA,2025-03-02,NA,0,NA,DC
MICHIGAN,2025-03-30,KENT,26081,2025-04-04,case_lab-confirmed,1,14,MI
MICHIGAN,2025-03-30,MACOMB,26099,2025-04-04,case_lab-confirmed,1,14,MI
INDIANA,2025-03-30,UNKNOWN,NA,2025-03-30,NA,0,NA,IN
OHIO,2025-03-30,ASHTABULA,39007,2025-04-01,case_lab-confirmed,1,14,OH
OHIO,2025-03-30,HOLMES,39075,2025-04-02,case_lab-confirmed,1,14,OH
OHIO,2025-03-30,KNOX,39083,2025-03-31,case_lab-confirmed,6,14,OH
OHIO,2025-03-30,KNOX,39083,2025-04-02,case_lab-confirmed,1,14,OH
ALASKA,2025-03-30,UNKNOWN,NA,2025-03-30,NA,0,NA,AK
TEXAS,2025-03-30,BROWN,48049,2025-04-04,case_lab-confirmed,1,14,TX
TEXAS,2025-03-30,COCHRAN,48079,2025-04-04,case_lab-confirmed,1,14,TX
TEXAS,2025-03-30,DAWSON,48115,2025-04-04,case_lab-confirmed,6,14,TX
TEXAS,2025-03-30,ECTOR,48135,2025-04-02,case_lab-confirmed,1,14,TX
TEXAS,2025-03-30,ECTOR,48135,2025-04-04,case_lab-confirmed,3,14,TX
TEXAS,2025-03-30,FORT BEND,48157,2025-04-02,case_lab-confirmed,1,14,TX
TEXAS,2025-03-30,GAINES,48165,2025-04-02,case_lab-confirmed,10,14,TX
TEXAS,2025-03-30,GAINES,48165,2025-04-04,case_lab-confirmed,35,14,TX
TEXAS,2025-03-30,GARZA,48169,2025-04-02,case_lab-confirmed,1,14,TX
TEXAS,2025-03-30,HALE,48189,2025-04-04,case_lab-confirmed,2,14,TX
TEXAS,2025-03-30,HOCKLEY,48219,2025-03-31,case_lab-confirmed,1,14,TX
TEXAS,2025-03-30,HOCKLEY,48219,2025-04-04,case_lab-confirmed,1,14,TX
TEXAS,2025-03-30,LAMAR,48277,2025-04-04,case_lab-confirmed,1,14,TX
TEXAS,2025-03-30,LUBBOCK,48303,2025-04-02,case_lab-confirmed,4,14,TX
TEXAS,2025-03-30,LUBBOCK,48303,2025-04-04,case_lab-confirmed,6,14,TX
TEXAS,2025-03-30,TERRY,48445,2025-04-02,case_lab-confirmed,3,14,TX
TEXAS,2025-03-30,TERRY,48445,2025-04-04,case_lab-confirmed,2,14,TX
TEXAS,2025-03-30,YOAKUM,48501,2025-04-02,case_lab-confirmed,1,14,TX
TEXAS,2025-03-30,YOAKUM,48501,2025-04-04,case_lab-confirmed,1,14,TX
COLORADO,2025-03-30,PUEBLO,8101,2025-03-31,case_lab-confirmed,1,14,CO
ARKANSAS,2025-03-30,UNKNOWN,NA,2025-03-30,NA,0,NA,AR
NEW JERSEY,2025-03-30,UNKNOWN,NA,2025-03-30,NA,0,NA,NJ
FLORIDA,2025-03-30,UNKNOWN,NA,2025-03-30,NA,0,NA,FL
PENNSYLVANIA,2025-03-30,ERIE,42049,2025-03-30,case_lab-confirmed,1,14,PA
PENNSYLVANIA,2025-03-30,MONTGOMERY,42091,2025-03-31,case_lab-confirmed,1,14,PA
PENNSYLVANIA,2025-03-30,PHILADELPHIA,42101,2025-03-31,case_lab-confirmed,1,14,PA
NORTH DAKOTA,2025-03-30,UNKNOWN,NA,2025-03-30,NA,0,NA,ND
MONTANA,2025-03-30,UNKNOWN,NA,2025-03-30,NA,0,NA,MT
MISSOURI,2025-03-30,UNKNOWN,NA,2025-03-30,NA,0,NA,MO
IOWA,2025-03-30,UNKNOWN,NA,2025-03-30,NA,0,NA,IA
NEW MEXICO,2025-03-30,EDDY,35015,2025-03-31,case_lab-confirmed,1,14,NM
NEW MEXICO,2025-03-30,EDDY,35015,2025-04-04,case_lab-confirmed,1,14,NM
NEW MEXICO,2025-03-30,LEA,35025,2025-04-04,case_lab-confirmed,20,14,NM
ILLINOIS,2025-03-30,UNKNOWN,NA,2025-03-30,NA,0,NA,IL
MINNESOTA,2025-03-30,UNKNOWN,NA,2025-03-30,NA,0,NA,MN
KENTUCKY,2025-03-30,UNKNOWN,NA,2025-03-30,NA,0,NA,KY
CALIFORNIA,2025-03-30,PLACER,6061,2025-03-31,case_lab-confirmed,1,14,CA
CALIFORNIA,2025-03-30,RIVERSIDE,6065,2025-04-03,case_lab-confirmed,1,14,CA
CALIFORNIA,2025-03-30,SAN MATEO,6081,2025-03-31,case_lab-confirmed,1,14,CA
GEORGIA,2025-03-30,FULTON,13121,2025-03-31,case_lab-confirmed,2,14,GA
KANSAS,2025-03-30,KIOWA,20097,2025-03-31,case_lab-confirmed,6,14,KS
KANSAS,2025-03-30,STEVENS,20189,2025-03-31,case_lab-confirmed,6,14,KS
KANSAS,2025-03-30,UNKNOWN COUNTY,20,2025-03-31,case_lab-confirmed,9,14,KS
KANSAS,2025-03-30,UNKNOWN COUNTY,20,2025-04-05,case_lab-confirmed,1,14,KS
NORTH CAROLINA,2025-03-30,UNKNOWN,NA,2025-03-30,NA,0,NA,NC
HAWAII,2025-03-30,UNKNOWN,NA,2025-03-30,NA,0,NA,HI
MARYLAND,2025-03-30,UNKNOWN,NA,2025-03-30,NA,0,NA,MD
WASHINGTON,2025-03-30,SNOHOMISH,53061,2025-04-02,case_lab-confirmed,1,14,WA
VERMONT,2025-03-30,UNKNOWN,NA,2025-03-30,NA,0,NA,VT
SOUTH DAKOTA,2025-03-30,UNKNOWN,NA,2025-03-30,NA,0,NA,SD
TENNESSEE,2025-03-30,UPPER CUMBERLAND REGION,0,2025-03-30,case_lab-confirmed,1,14,TN
TENNESSEE,2025-03-30,UPPER CUMBERLAND REGION,0,2025-03-31,case_lab-confirmed,1,14,TN
OREGON,2025-03-30,UNKNOWN,NA,2025-03-30,NA,0,NA,OR
WYOMING,2025-03-30,UNKNOWN,NA,2025-03-30,NA,0,NA,WY
ARIZONA,2025-03-30,UNKNOWN,NA,2025-03-30,NA,0,NA,AZ
NEW YORK,2025-03-30,UNKNOWN,NA,2025-03-30,NA,0,NA,NY
VIRGINIA,2025-03-30,UNKNOWN,NA,2025-03-30,NA,0,NA,VA
LOUISIANA,2025-03-30,UNKNOWN,NA,2025-03-30,NA,0,NA,LA
RHODE ISLAND,2025-03-30,UNKNOWN,NA,2025-03-30,NA,0,NA,RI
NEBRASKA,2025-03-30,UNKNOWN,NA,2025-03-30,NA,0,NA,NE
UTAH,2025-03-30,UNKNOWN,NA,2025-03-30,NA,0,NA,UT
OKLAHOMA,2025-03-30,UNKNOWN COUNTY,40109,2025-04-02,case_lab-confirmed,1,14,OK
SOUTH CAROLINA,2025-03-30,UNKNOWN,NA,2025-03-30,NA,0,NA,SC
DISTRICT OF COLUMBIA,2025-03-30,UNKNOWN,NA,2025-03-30,NA,0,NA,DC
MICHIGAN,2025-06-15,GRAND TRAVERSE,26055,2025-06-18,case_lab-confirmed,1,25,MI
MICHIGAN,2025-06-15,GRAND TRAVERSE,26055,2025-06-20,case_lab-confirmed,1,25,MI
INDIANA,2025-06-15,UNKNOWN,NA,2025-06-15,NA,0,NA,IN
OHIO,2025-06-15,UNKNOWN,NA,2025-06-15,NA,0,NA,OH
ALASKA,2025-06-15,UNKNOWN,NA,2025-06-15,NA,0,NA,AK
TEXAS,2025-06-15,BELL,48027,2025-06-17,case_lab-confirmed,1,25,TX
TEXAS,2025-06-15,GAINES,48165,2025-06-17,case_lab-confirmed,2,25,TX
TEXAS,2025-06-15,LAMAR,48277,2025-06-17,case_lab-confirmed,2,25,TX
TEXAS,2025-06-15,MCLENNAN,48309,2025-06-17,case_lab-confirmed,1,25,TX
COLORADO,2025-06-15,UNKNOWN COUNTY,8,2025-06-20,case_lab-confirmed,1,25,CO
ARKANSAS,2025-06-15,BENTON,5007,2025-06-16,case_lab-confirmed,1,25,AR
NEW JERSEY,2025-06-15,UNKNOWN,NA,2025-06-15,NA,0,NA,NJ
FLORIDA,2025-06-15,UNKNOWN,NA,2025-06-15,NA,0,NA,FL
PENNSYLVANIA,2025-06-15,UNKNOWN,NA,2025-06-15,NA,0,NA,PA
NORTH DAKOTA,2025-06-15,UNKNOWN,NA,2025-06-15,NA,0,NA,ND
MONTANA,2025-06-15,GALLATIN,30031,2025-06-15,case_lab-confirmed,3,25,MT
MISSOURI,2025-06-15,UNKNOWN,NA,2025-06-15,NA,0,NA,MO
IOWA,2025-06-15,UNKNOWN,NA,2025-06-15,NA,0,NA,IA
NEW MEXICO,2025-06-15,UNKNOWN,NA,2025-06-15,NA,0,NA,NM
ILLINOIS,2025-06-15,UNKNOWN,NA,2025-06-15,NA,0,NA,IL
MINNESOTA,2025-06-15,UNKNOWN,NA,2025-06-15,NA,0,NA,MN
KENTUCKY,2025-06-15,UNKNOWN,NA,2025-06-15,NA,0,NA,KY
CALIFORNIA,2025-06-15,SACRAMENTO,6067,2025-06-16,case_lab-confirmed,1,25,CA
CALIFORNIA,2025-06-15,UNKNOWN COUNTY,6,2025-06-16,case_lab-confirmed,1,25,CA
GEORGIA,2025-06-15,FULTON,13121,2025-06-18,case_lab-confirmed,1,25,GA
KANSAS,2025-06-15,HASKELL,20081,2025-06-16,case_lab-confirmed,1,25,KS
KANSAS,2025-06-15,HASKELL,20081,2025-06-18,case_lab-confirmed,1,25,KS
KANSAS,2025-06-15,UNKNOWN COUNTY,20,2025-06-16,case_lab-confirmed,2,25,KS
NORTH CAROLINA,2025-06-15,UNKNOWN,NA,2025-06-15,NA,0,NA,NC
HAWAII,2025-06-15,UNKNOWN,NA,2025-06-15,NA,0,NA,HI
MARYLAND,2025-06-15,UNKNOWN,NA,2025-06-15,NA,0,NA,MD
WASHINGTON,2025-06-15,WHATCOM,53073,2025-06-20,case_lab-confirmed,1,25,WA
VERMONT,2025-06-15,UNKNOWN,NA,2025-06-15,NA,0,NA,VT
SOUTH DAKOTA,2025-06-15,LINCOLN,46083,2025-06-21,case_lab-confirmed,2,25,SD
TENNESSEE,2025-06-15,UNKNOWN,NA,2025-06-15,NA,0,NA,TN
OREGON,2025-06-15,UNKNOWN,NA,2025-06-15,NA,0,NA,OR
WYOMING,2025-06-15,UNKNOWN,NA,2025-06-15,NA,0,NA,WY
ARIZONA,2025-06-15,UNKNOWN,NA,2025-06-15,NA,0,NA,AZ
NEW YORK,2025-06-15,UNKNOWN,NA,2025-06-15,NA,0,NA,NY
VIRGINIA,2025-06-15,UNKNOWN,NA,2025-06-15,NA,0,NA,VA
LOUISIANA,2025-06-15,UNKNOWN,NA,2025-06-15,NA,0,NA,LA
RHODE ISLAND,2025-06-15,UNKNOWN,NA,2025-06-15,NA,0,NA,RI
NEBRASKA,2025-06-15,UNKNOWN,NA,2025-06-15,NA,0,NA,NE
UTAH,2025-06-15,UTAH,49049,2025-06-20,case_lab-confirmed,1,25,UT
OKLAHOMA,2025-06-15,UNKNOWN,NA,2025-06-15,NA,0,NA,OK
SOUTH CAROLINA,2025-06-15,UNKNOWN,NA,2025-06-15,NA,0,NA,SC
DISTRICT OF COLUMBIA,2025-06-15,UNKNOWN,NA,2025-06-15,NA,0,NA,DC
MICHIGAN,2025-02-09,UNKNOWN,NA,2025-02-09,NA,0,NA,MI
INDIANA,2025-02-09,UNKNOWN,NA,2025-02-09,NA,0,NA,IN
OHIO,2025-02-09,UNKNOWN,NA,2025-02-09,NA,0,NA,OH
ALASKA,2025-02-09,UNKNOWN,NA,2025-02-09,NA,0,NA,AK
TEXAS,2025-02-09,GAINES,48165,2025-02-11,case_lab-confirmed,18,7,TX
TEXAS,2025-02-09,GAINES,48165,2025-02-14,case_lab-confirmed,18,7,TX
TEXAS,2025-02-09,LYNN,48305,2025-02-14,case_lab-confirmed,1,7,TX
TEXAS,2025-02-09,TERRY,48445,2025-02-14,case_lab-confirmed,3,7,TX
TEXAS,2025-02-09,YOAKUM,48501,2025-02-14,case_lab-confirmed,2,7,TX
COLORADO,2025-02-09,UNKNOWN,NA,2025-02-09,NA,0,NA,CO
ARKANSAS,2025-02-09,UNKNOWN,NA,2025-02-09,NA,0,NA,AR
NEW JERSEY,2025-02-09,BERGEN,34003,2025-02-14,case_lab-confirmed,1,7,NJ
FLORIDA,2025-02-09,UNKNOWN,NA,2025-02-09,NA,0,NA,FL
PENNSYLVANIA,2025-02-09,UNKNOWN,NA,2025-02-09,NA,0,NA,PA
NORTH DAKOTA,2025-02-09,UNKNOWN,NA,2025-02-09,NA,0,NA,ND
MONTANA,2025-02-09,UNKNOWN,NA,2025-02-09,NA,0,NA,MT
MISSOURI,2025-02-09,UNKNOWN,NA,2025-02-09,NA,0,NA,MO
IOWA,2025-02-09,UNKNOWN,NA,2025-02-09,NA,0,NA,IA
NEW MEXICO,2025-02-09,LEA,35025,2025-02-11,case_lab-confirmed,1,7,NM
NEW MEXICO,2025-02-09,LEA,35025,2025-02-14,case_lab-confirmed,2,7,NM
ILLINOIS,2025-02-09,UNKNOWN,NA,2025-02-09,NA,0,NA,IL
MINNESOTA,2025-02-09,UNKNOWN,NA,2025-02-09,NA,0,NA,MN
KENTUCKY,2025-02-09,UNKNOWN,NA,2025-02-09,NA,0,NA,KY
CALIFORNIA,2025-02-09,UNKNOWN,NA,2025-02-09,NA,0,NA,CA
GEORGIA,2025-02-09,UNKNOWN,NA,2025-02-09,NA,0,NA,GA
KANSAS,2025-02-09,UNKNOWN,NA,2025-02-09,NA,0,NA,KS
NORTH CAROLINA,2025-02-09,UNKNOWN,NA,2025-02-09,NA,0,NA,NC
HAWAII,2025-02-09,UNKNOWN,NA,2025-02-09,NA,0,NA,HI
MARYLAND,2025-02-09,UNKNOWN,NA,2025-02-09,NA,0,NA,MD
WASHINGTON,2025-02-09,UNKNOWN,NA,2025-02-09,NA,0,NA,WA
VERMONT,2025-02-09,UNKNOWN,NA,2025-02-09,NA,0,NA,VT
SOUTH DAKOTA,2025-02-09,UNKNOWN,NA,2025-02-09,NA,0,NA,SD
TENNESSEE,2025-02-09,UNKNOWN,NA,2025-02-09,NA,0,NA,TN
OREGON,2025-02-09,UNKNOWN,NA,2025-02-09,NA,0,NA,OR
WYOMING,2025-02-09,UNKNOWN,NA,2025-02-09,NA,0,NA,WY
ARIZONA,2025-02-09,UNKNOWN,NA,2025-02-09,NA,0,NA,AZ
NEW YORK,2025-02-09,UNKNOWN,NA,2025-02-09,NA,0,NA,NY
VIRGINIA,2025-02-09,UNKNOWN,NA,2025-02-09,NA,0,NA,VA
LOUISIANA,2025-02-09,UNKNOWN,NA,2025-02-09,NA,0,NA,LA
RHODE ISLAND,2025-02-09,UNKNOWN,NA,2025-02-09,NA,0,NA,RI
NEBRASKA,2025-02-09,UNKNOWN,NA,2025-02-09,NA,0,NA,NE
UTAH,2025-02-09,UNKNOWN,NA,2025-02-09,NA,0,NA,UT
OKLAHOMA,2025-02-09,UNKNOWN,NA,2025-02-09,NA,0,NA,OK
SOUTH CAROLINA,2025-02-09,UNKNOWN,NA,2025-02-09,NA,0,NA,SC
DISTRICT OF COLUMBIA,2025-02-09,UNKNOWN,NA,2025-02-09,NA,0,NA,DC
MICHIGAN,2025-02-16,UNKNOWN,NA,2025-02-16,NA,0,NA,MI
INDIANA,2025-02-16,UNKNOWN,NA,2025-02-16,NA,0,NA,IN
OHIO,2025-02-16,UNKNOWN,NA,2025-02-16,NA,0,NA,OH
ALASKA,2025-02-16,UNKNOWN,NA,2025-02-16,NA,0,NA,AK
TEXAS,2025-02-16,DAWSON,48115,2025-02-21,case_lab-confirmed,6,8,TX
TEXAS,2025-02-16,ECTOR,48135,2025-02-21,case_lab-confirmed,1,8,TX
TEXAS,2025-02-16,GAINES,48165,2025-02-18,case_lab-confirmed,3,8,TX
TEXAS,2025-02-16,GAINES,48165,2025-02-21,case_lab-confirmed,12,8,TX
TEXAS,2025-02-16,LUBBOCK,48303,2025-02-18,case_lab-confirmed,1,8,TX
TEXAS,2025-02-16,TERRY,48445,2025-02-18,case_lab-confirmed,6,8,TX
TEXAS,2025-02-16,TERRY,48445,2025-02-21,case_lab-confirmed,11,8,TX
TEXAS,2025-02-16,YOAKUM,48501,2025-02-21,case_lab-confirmed,2,8,TX
COLORADO,2025-02-16,UNKNOWN,NA,2025-02-16,NA,0,NA,CO
ARKANSAS,2025-02-16,UNKNOWN,NA,2025-02-16,NA,0,NA,AR
NEW JERSEY,2025-02-16,BERGEN,34003,2025-02-17,case_lab-confirmed,2,8,NJ
FLORIDA,2025-02-16,UNKNOWN,NA,2025-02-16,NA,0,NA,FL
PENNSYLVANIA,2025-02-16,UNKNOWN,NA,2025-02-16,NA,0,NA,PA
NORTH DAKOTA,2025-02-16,UNKNOWN,NA,2025-02-16,NA,0,NA,ND
MONTANA,2025-02-16,UNKNOWN,NA,2025-02-16,NA,0,NA,MT
MISSOURI,2025-02-16,UNKNOWN,NA,2025-02-16,NA,0,NA,MO
IOWA,2025-02-16,UNKNOWN,NA,2025-02-16,NA,0,NA,IA
NEW MEXICO,2025-02-16,UNKNOWN,NA,2025-02-16,NA,0,NA,NM
ILLINOIS,2025-02-16,UNKNOWN,NA,2025-02-16,NA,0,NA,IL
MINNESOTA,2025-02-16,UNKNOWN,NA,2025-02-16,NA,0,NA,MN
KENTUCKY,2025-02-16,UNKNOWN,NA,2025-02-16,NA,0,NA,KY
CALIFORNIA,2025-02-16,UNKNOWN,NA,2025-02-16,NA,0,NA,CA
GEORGIA,2025-02-16,UNKNOWN,NA,2025-02-16,NA,0,NA,GA
KANSAS,2025-02-16,UNKNOWN,NA,2025-02-16,NA,0,NA,KS
NORTH CAROLINA,2025-02-16,UNKNOWN,NA,2025-02-16,NA,0,NA,NC
HAWAII,2025-02-16,UNKNOWN,NA,2025-02-16,NA,0,NA,HI
MARYLAND,2025-02-16,UNKNOWN,NA,2025-02-16,NA,0,NA,MD
WASHINGTON,2025-02-16,UNKNOWN,NA,2025-02-16,NA,0,NA,WA
VERMONT,2025-02-16,UNKNOWN,NA,2025-02-16,NA,0,NA,VT
SOUTH DAKOTA,2025-02-16,UNKNOWN,NA,2025-02-16,NA,0,NA,SD
TENNESSEE,2025-02-16,UNKNOWN,NA,2025-02-16,NA,0,NA,TN
OREGON,2025-02-16,UNKNOWN,NA,2025-02-16,NA,0,NA,OR
WYOMING,2025-02-16,UNKNOWN,NA,2025-02-16,NA,0,NA,WY
ARIZONA,2025-02-16,UNKNOWN,NA,2025-02-16,NA,0,NA,AZ
NEW YORK,2025-02-16,UNKNOWN,NA,2025-02-16,NA,0,NA,NY
VIRGINIA,2025-02-16,UNKNOWN,NA,2025-02-16,NA,0,NA,VA
LOUISIANA,2025-02-16,UNKNOWN,NA,2025-02-16,NA,0,NA,LA
RHODE ISLAND,2025-02-16,UNKNOWN,NA,2025-02-16,NA,0,NA,RI
NEBRASKA,2025-02-16,UNKNOWN,NA,2025-02-16,NA,0,NA,NE
UTAH,2025-02-16,UNKNOWN,NA,2025-02-16,NA,0,NA,UT
OKLAHOMA,2025-02-16,UNKNOWN,NA,2025-02-16,NA,0,NA,OK
SOUTH CAROLINA,2025-02-16,UNKNOWN,NA,2025-02-16,NA,0,NA,SC
DISTRICT OF COLUMBIA,2025-02-16,UNKNOWN,NA,2025-02-16,NA,0,NA,DC
MICHIGAN,2025-06-29,GRAND TRAVERSE,26055,2025-07-02,case_lab-confirmed,1,27,MI
MICHIGAN,2025-06-29,KENT,26081,2025-07-02,case_lab-confirmed,1,27,MI
INDIANA,2025-06-29,UNKNOWN,NA,2025-06-29,NA,0,NA,IN
OHIO,2025-06-29,UNKNOWN,NA,2025-06-29,NA,0,NA,OH
ALASKA,2025-06-29,UNKNOWN,NA,2025-06-29,NA,0,NA,AK
TEXAS,2025-06-29,BEXAR,48029,2025-07-01,case_lab-confirmed,1,27,TX
TEXAS,2025-06-29,EL PASO,48141,2025-07-01,case_lab-confirmed,1,27,TX
TEXAS,2025-06-29,GAINES,48165,2025-07-01,case_lab-confirmed,1,27,TX
TEXAS,2025-06-29,LAMAR,48277,2025-07-01,case_lab-confirmed,3,27,TX
COLORADO,2025-06-29,UNKNOWN,NA,2025-06-29,NA,0,NA,CO
ARKANSAS,2025-06-29,UNKNOWN,NA,2025-06-29,NA,0,NA,AR
NEW JERSEY,2025-06-29,UNKNOWN COUNTY,34,2025-07-03,case_lab-confirmed,1,27,NJ
FLORIDA,2025-06-29,UNKNOWN,NA,2025-06-29,NA,0,NA,FL
PENNSYLVANIA,2025-06-29,UNKNOWN,NA,2025-06-29,NA,0,NA,PA
NORTH DAKOTA,2025-06-29,WILLIAMS,38105,2025-07-01,case_lab-confirmed,1,27,ND
MONTANA,2025-06-29,UNKNOWN,NA,2025-06-29,NA,0,NA,MT
MISSOURI,2025-06-29,CEDAR,29039,2025-07-01,case_lab-confirmed,1,27,MO
MISSOURI,2025-06-29,CEDAR,29039,2025-07-03,case_lab-confirmed,3,27,MO
IOWA,2025-06-29,UNKNOWN,NA,2025-06-29,NA,0,NA,IA
NEW MEXICO,2025-06-29,LUNA,35029,2025-07-01,case_lab-confirmed,8,27,NM
NEW MEXICO,2025-06-29,LUNA,35029,2025-07-03,case_lab-confirmed,1,27,NM
ILLINOIS,2025-06-29,UNKNOWN,NA,2025-06-29,NA,0,NA,IL
MINNESOTA,2025-06-29,UNKNOWN,NA,2025-06-29,NA,0,NA,MN
KENTUCKY,2025-06-29,FAYETTE,21067,2025-06-30,case_lab-confirmed,1,27,KY
KENTUCKY,2025-06-29,TODD,21219,2025-06-30,case_lab-confirmed,1,27,KY
KENTUCKY,2025-06-29,UNKNOWN COUNTY,21,2025-06-30,case_lab-confirmed,1,27,KY
KENTUCKY,2025-06-29,WOODFORD,21239,2025-06-30,case_lab-confirmed,3,27,KY
CALIFORNIA,2025-06-29,UNKNOWN,NA,2025-06-29,NA,0,NA,CA
GEORGIA,2025-06-29,UNKNOWN,NA,2025-06-29,NA,0,NA,GA
KANSAS,2025-06-29,GRAY,20069,2025-07-02,case_lab-confirmed,2,27,KS
KANSAS,2025-06-29,HASKELL,20081,2025-07-02,case_lab-confirmed,1,27,KS
NORTH CAROLINA,2025-06-29,UNKNOWN,NA,2025-06-29,NA,0,NA,NC
HAWAII,2025-06-29,UNKNOWN,NA,2025-06-29,NA,0,NA,HI
MARYLAND,2025-06-29,UNKNOWN,NA,2025-06-29,NA,0,NA,MD
WASHINGTON,2025-06-29,UNKNOWN,NA,2025-06-29,NA,0,NA,WA
VERMONT,2025-06-29,UNKNOWN,NA,2025-06-29,NA,0,NA,VT
SOUTH DAKOTA,2025-06-29,UNKNOWN,NA,2025-06-29,NA,0,NA,SD
TENNESSEE,2025-06-29,UNKNOWN,NA,2025-06-29,NA,0,NA,TN
OREGON,2025-06-29,UNKNOWN,NA,2025-06-29,NA,0,NA,OR
WYOMING,2025-06-29,NATRONA,56025,2025-07-01,case_lab-confirmed,1,27,WY
ARIZONA,2025-06-29,UNKNOWN,NA,2025-06-29,NA,0,NA,AZ
NEW YORK,2025-06-29,UNKNOWN,NA,2025-06-29,NA,0,NA,NY
VIRGINIA,2025-06-29,UNKNOWN,NA,2025-06-29,NA,0,NA,VA
LOUISIANA,2025-06-29,UNKNOWN,NA,2025-06-29,NA,0,NA,LA
RHODE ISLAND,2025-06-29,UNKNOWN,NA,2025-06-29,NA,0,NA,RI
NEBRASKA,2025-06-29,UNKNOWN,NA,2025-06-29,NA,0,NA,NE
UTAH,2025-06-29,UTAH,49049,2025-07-01,case_lab-confirmed,2,27,UT
OKLAHOMA,2025-06-29,UNKNOWN,NA,2025-06-29,NA,0,NA,OK
SOUTH CAROLINA,2025-06-29,UNKNOWN,NA,2025-06-29,NA,0,NA,SC
DISTRICT OF COLUMBIA,2025-06-29,UNKNOWN,NA,2025-06-29,NA,0,NA,DC
MICHIGAN,2025-03-23,UNKNOWN,NA,2025-03-23,NA,0,NA,MI
INDIANA,2025-03-23,UNKNOWN,NA,2025-03-23,NA,0,NA,IN
OHIO,2025-03-23,UNKNOWN,NA,2025-03-23,NA,0,NA,OH
ALASKA,2025-03-23,UNKNOWN,NA,2025-03-23,NA,0,NA,AK
TEXAS,2025-03-23,UNKNOWN,NA,2025-03-23,NA,0,NA,TX
COLORADO,2025-03-23,UNKNOWN,NA,2025-03-23,NA,0,NA,CO
ARKANSAS,2025-03-23,UNKNOWN,NA,2025-03-23,NA,0,NA,AR
NEW JERSEY,2025-03-23,UNKNOWN,NA,2025-03-23,NA,0,NA,NJ
FLORIDA,2025-03-23,UNKNOWN,NA,2025-03-23,NA,0,NA,FL
PENNSYLVANIA,2025-03-23,BUCKS,42017,2025-03-27,case_lab-confirmed,1,13,PA
PENNSYLVANIA,2025-03-23,ERIE,42049,2025-03-25,case_lab-confirmed,2,13,PA
NORTH DAKOTA,2025-03-23,UNKNOWN,NA,2025-03-23,NA,0,NA,ND
MONTANA,2025-03-23,UNKNOWN,NA,2025-03-23,NA,0,NA,MT
MISSOURI,2025-03-23,UNKNOWN,NA,2025-03-23,NA,0,NA,MO
IOWA,2025-03-23,UNKNOWN,NA,2025-03-23,NA,0,NA,IA
NEW MEXICO,2025-03-23,UNKNOWN,NA,2025-03-23,NA,0,NA,NM
ILLINOIS,2025-03-23,UNKNOWN,NA,2025-03-23,NA,0,NA,IL
MINNESOTA,2025-03-23,HENNEPIN,27053,2025-03-24,case_lab-confirmed,1,13,MN
KENTUCKY,2025-03-23,UNKNOWN,NA,2025-03-23,NA,0,NA,KY
CALIFORNIA,2025-03-23,UNKNOWN,NA,2025-03-23,NA,0,NA,CA
GEORGIA,2025-03-23,UNKNOWN,NA,2025-03-23,NA,0,NA,GA
KANSAS,2025-03-23,UNKNOWN,NA,2025-03-23,NA,0,NA,KS
NORTH CAROLINA,2025-03-23,UNKNOWN,NA,2025-03-23,NA,0,NA,NC
HAWAII,2025-03-23,UNKNOWN,NA,2025-03-23,NA,0,NA,HI
MARYLAND,2025-03-23,UNKNOWN,NA,2025-03-23,NA,0,NA,MD
WASHINGTON,2025-03-23,UNKNOWN,NA,2025-03-23,NA,0,NA,WA
VERMONT,2025-03-23,UNKNOWN,NA,2025-03-23,NA,0,NA,VT
SOUTH DAKOTA,2025-03-23,UNKNOWN,NA,2025-03-23,NA,0,NA,SD
TENNESSEE,2025-03-23,MID-CUMBERLAND REGION,0,2025-03-28,case_lab-confirmed,1,13,TN
OREGON,2025-03-23,UNKNOWN,NA,2025-03-23,NA,0,NA,OR
WYOMING,2025-03-23,UNKNOWN,NA,2025-03-23,NA,0,NA,WY
ARIZONA,2025-03-23,UNKNOWN,NA,2025-03-23,NA,0,NA,AZ
NEW YORK,2025-03-23,UNKNOWN,NA,2025-03-23,NA,0,NA,NY
VIRGINIA,2025-03-23,UNKNOWN,NA,2025-03-23,NA,0,NA,VA
LOUISIANA,2025-03-23,UNKNOWN,NA,2025-03-23,NA,0,NA,LA
RHODE ISLAND,2025-03-23,UNKNOWN,NA,2025-03-23,NA,0,NA,RI
NEBRASKA,2025-03-23,UNKNOWN,NA,2025-03-23,NA,0,NA,NE
UTAH,2025-03-23,UNKNOWN,NA,2025-03-23,NA,0,NA,UT
OKLAHOMA,2025-03-23,UNKNOWN COUNTY,40109,2025-03-25,case_lab-confirmed,7,13,OK
SOUTH CAROLINA,2025-03-23,UNKNOWN,NA,2025-03-23,NA,0,NA,SC
DISTRICT OF COLUMBIA,2025-03-23,UNKNOWN,NA,2025-03-23,NA,0,NA,DC
MICHIGAN,2025-05-11,UNKNOWN,NA,2025-05-11,NA,0,NA,MI
INDIANA,2025-05-11,UNKNOWN,NA,2025-05-11,NA,0,NA,IN
OHIO,2025-05-11,UNKNOWN,NA,2025-05-11,NA,0,NA,OH
ALASKA,2025-05-11,UNKNOWN,NA,2025-05-11,NA,0,NA,AK
TEXAS,2025-05-11,CARSON,48065,2025-05-13,case_lab-confirmed,1,20,TX
TEXAS,2025-05-11,COLLIN,48085,2025-05-16,case_lab-confirmed,1,20,TX
TEXAS,2025-05-11,EL PASO,48141,2025-05-13,case_lab-confirmed,2,20,TX
TEXAS,2025-05-11,GAINES,48165,2025-05-13,case_lab-confirmed,2,20,TX
TEXAS,2025-05-11,GAINES,48165,2025-05-16,case_lab-confirmed,1,20,TX
TEXAS,2025-05-11,LUBBOCK,48303,2025-05-13,case_lab-confirmed,1,20,TX
COLORADO,2025-05-11,UNKNOWN,NA,2025-05-11,NA,0,NA,CO
ARKANSAS,2025-05-11,UNKNOWN,NA,2025-05-11,NA,0,NA,AR
NEW JERSEY,2025-05-11,UNKNOWN,NA,2025-05-11,NA,0,NA,NJ
FLORIDA,2025-05-11,UNKNOWN,NA,2025-05-11,NA,0,NA,FL
PENNSYLVANIA,2025-05-11,UNKNOWN,NA,2025-05-11,NA,0,NA,PA
NORTH DAKOTA,2025-05-11,CASS,38017,2025-05-12,case_lab-confirmed,1,20,ND
NORTH DAKOTA,2025-05-11,CASS,38017,2025-05-14,case_lab-confirmed,1,20,ND
NORTH DAKOTA,2025-05-11,CASS,38017,2025-05-15,case_lab-confirmed,1,20,ND
NORTH DAKOTA,2025-05-11,CASS,38017,2025-05-17,case_lab-confirmed,1,20,ND
NORTH DAKOTA,2025-05-11,GRAND FORKS,38035,2025-05-16,case_lab-confirmed,1,20,ND
NORTH DAKOTA,2025-05-11,GRAND FORKS,38035,2025-05-17,case_lab-confirmed,1,20,ND
NORTH DAKOTA,2025-05-11,WILLIAMS,38105,2025-05-11,case_lab-confirmed,1,20,ND
NORTH DAKOTA,2025-05-11,WILLIAMS,38105,2025-05-16,case_lab-confirmed,1,20,ND
MONTANA,2025-05-11,UNKNOWN,NA,2025-05-11,NA,0,NA,MT
MISSOURI,2025-05-11,UNKNOWN,NA,2025-05-11,NA,0,NA,MO
IOWA,2025-05-11,UNKNOWN,NA,2025-05-11,NA,0,NA,IA
NEW MEXICO,2025-05-11,LEA,35025,2025-05-16,case_lab-confirmed,1,20,NM
NEW MEXICO,2025-05-11,SANDOVAL,35043,2025-05-16,case_lab-confirmed,2,20,NM
ILLINOIS,2025-05-11,UNKNOWN,NA,2025-05-11,NA,0,NA,IL
MINNESOTA,2025-05-11,UNKNOWN,NA,2025-05-11,NA,0,NA,MN
KENTUCKY,2025-05-11,UNKNOWN,NA,2025-05-11,NA,0,NA,KY
CALIFORNIA,2025-05-11,UNKNOWN,NA,2025-05-11,NA,0,NA,CA
GEORGIA,2025-05-11,UNKNOWN,NA,2025-05-11,NA,0,NA,GA
KANSAS,2025-05-11,GRAY,20069,2025-05-14,case_lab-confirmed,6,20,KS
NORTH CAROLINA,2025-05-11,UNKNOWN,NA,2025-05-11,NA,0,NA,NC
HAWAII,2025-05-11,UNKNOWN,NA,2025-05-11,NA,0,NA,HI
MARYLAND,2025-05-11,UNKNOWN,NA,2025-05-11,NA,0,NA,MD
WASHINGTON,2025-05-11,UNKNOWN,NA,2025-05-11,NA,0,NA,WA
VERMONT,2025-05-11,UNKNOWN,NA,2025-05-11,NA,0,NA,VT
SOUTH DAKOTA,2025-05-11,UNKNOWN,NA,2025-05-11,NA,0,NA,SD
TENNESSEE,2025-05-11,UNKNOWN,NA,2025-05-11,NA,0,NA,TN
OREGON,2025-05-11,UNKNOWN,NA,2025-05-11,NA,0,NA,OR
WYOMING,2025-05-11,UNKNOWN,NA,2025-05-11,NA,0,NA,WY
ARIZONA,2025-05-11,UNKNOWN,NA,2025-05-11,NA,0,NA,AZ
NEW YORK,2025-05-11,NEW YORK,36061,2025-05-16,case_lab-confirmed,3,20,NY
VIRGINIA,2025-05-11,UNKNOWN,NA,2025-05-11,NA,0,NA,VA
LOUISIANA,2025-05-11,UNKNOWN,NA,2025-05-11,NA,0,NA,LA
RHODE ISLAND,2025-05-11,UNKNOWN,NA,2025-05-11,NA,0,NA,RI
NEBRASKA,2025-05-11,UNKNOWN,NA,2025-05-11,NA,0,NA,NE
UTAH,2025-05-11,UNKNOWN,NA,2025-05-11,NA,0,NA,UT
OKLAHOMA,2025-05-11,UNKNOWN,NA,2025-05-11,NA,0,NA,OK
SOUTH CAROLINA,2025-05-11,UNKNOWN,NA,2025-05-11,NA,0,NA,SC
DISTRICT OF COLUMBIA,2025-05-11,UNKNOWN,NA,2025-05-11,NA,0,NA,DC
MICHIGAN,2025-07-13,UNKNOWN,NA,2025-07-13,NA,0,NA,MI
INDIANA,2025-07-13,UNKNOWN,NA,2025-07-13,NA,0,NA,IN
OHIO,2025-07-13,UNKNOWN,NA,2025-07-13,NA,0,NA,OH
ALASKA,2025-07-13,UNKNOWN,NA,2025-07-13,NA,0,NA,AK
TEXAS,2025-07-13,FANNIN,48147,2025-07-15,case_lab-confirmed,4,29,TX
TEXAS,2025-07-13,HARRIS,48201,2025-07-15,case_lab-confirmed,1,29,TX
COLORADO,2025-07-13,UNKNOWN,NA,2025-07-13,NA,0,NA,CO
ARKANSAS,2025-07-13,UNKNOWN,NA,2025-07-13,NA,0,NA,AR
NEW JERSEY,2025-07-13,UNKNOWN,NA,2025-07-13,NA,0,NA,NJ
FLORIDA,2025-07-13,UNKNOWN,NA,2025-07-13,NA,0,NA,FL
PENNSYLVANIA,2025-07-13,UNKNOWN,NA,2025-07-13,NA,0,NA,PA
NORTH DAKOTA,2025-07-13,WILLIAMS,38105,2025-07-14,case_lab-confirmed,1,29,ND
MONTANA,2025-07-13,CASCADE,30013,2025-07-16,case_lab-confirmed,1,29,MT
MISSOURI,2025-07-13,UNKNOWN,NA,2025-07-13,NA,0,NA,MO
IOWA,2025-07-13,EASTERN,19,2025-07-14,case_lab-confirmed,1,29,IA
NEW MEXICO,2025-07-13,UNKNOWN,NA,2025-07-13,NA,0,NA,NM
ILLINOIS,2025-07-13,UNKNOWN,NA,2025-07-13,NA,0,NA,IL
MINNESOTA,2025-07-13,UNKNOWN,NA,2025-07-13,NA,0,NA,MN
KENTUCKY,2025-07-13,JEFFERSON,21111,2025-07-14,case_lab-confirmed,1,29,KY
CALIFORNIA,2025-07-13,UNKNOWN,NA,2025-07-13,NA,0,NA,CA
GEORGIA,2025-07-13,UNKNOWN,NA,2025-07-13,NA,0,NA,GA
KANSAS,2025-07-13,GRAY,20069,2025-07-14,case_lab-confirmed,1,29,KS
KANSAS,2025-07-13,HASKELL,20081,2025-07-14,case_lab-confirmed,1,29,KS
KANSAS,2025-07-13,STEVENS,20189,2025-07-16,case_lab-confirmed,1,29,KS
NORTH CAROLINA,2025-07-13,UNKNOWN,NA,2025-07-13,NA,0,NA,NC
HAWAII,2025-07-13,UNKNOWN,NA,2025-07-13,NA,0,NA,HI
MARYLAND,2025-07-13,UNKNOWN,NA,2025-07-13,NA,0,NA,MD
WASHINGTON,2025-07-13,UNKNOWN,NA,2025-07-13,NA,0,NA,WA
VERMONT,2025-07-13,UNKNOWN,NA,2025-07-13,NA,0,NA,VT
SOUTH DAKOTA,2025-07-13,UNKNOWN,NA,2025-07-13,NA,0,NA,SD
TENNESSEE,2025-07-13,UNKNOWN,NA,2025-07-13,NA,0,NA,TN
OREGON,2025-07-13,UNKNOWN,NA,2025-07-13,NA,0,NA,OR
WYOMING,2025-07-13,UNKNOWN,NA,2025-07-13,NA,0,NA,WY
ARIZONA,2025-07-13,UNKNOWN,NA,2025-07-13,NA,0,NA,AZ
NEW YORK,2025-07-13,UNKNOWN,NA,2025-07-13,NA,0,NA,NY
VIRGINIA,2025-07-13,UNKNOWN,NA,2025-07-13,NA,0,NA,VA
LOUISIANA,2025-07-13,UNKNOWN,NA,2025-07-13,NA,0,NA,LA
RHODE ISLAND,2025-07-13,UNKNOWN,NA,2025-07-13,NA,0,NA,RI
NEBRASKA,2025-07-13,UNKNOWN,NA,2025-07-13,NA,0,NA,NE
UTAH,2025-07-13,SOUTHWEST HEALTH DISTRICT,0,2025-07-16,case_lab-confirmed,1,29,UT
OKLAHOMA,2025-07-13,UNKNOWN,NA,2025-07-13,NA,0,NA,OK
SOUTH CAROLINA,2025-07-13,UNKNOWN,NA,2025-07-13,NA,0,NA,SC
DISTRICT OF COLUMBIA,2025-07-13,UNKNOWN,NA,2025-07-13,NA,0,NA,DC
MICHIGAN,2025-04-27,UNKNOWN,NA,2025-04-27,NA,0,NA,MI
INDIANA,2025-04-27,UNKNOWN,NA,2025-04-27,NA,0,NA,IN
OHIO,2025-04-27,CUYAHOGA,39035,2025-04-28,case_lab-confirmed,1,18,OH
ALASKA,2025-04-27,UNKNOWN,NA,2025-04-27,NA,0,NA,AK
TEXAS,2025-04-27,DAWSON,48115,2025-05-02,case_lab-confirmed,1,18,TX
TEXAS,2025-04-27,DENTON,48121,2025-05-02,case_lab-confirmed,1,18,TX
TEXAS,2025-04-27,EASTLAND,48133,2025-05-02,case_lab-confirmed,2,18,TX
TEXAS,2025-04-27,ECTOR,48135,2025-05-02,case_lab-confirmed,1,18,TX
TEXAS,2025-04-27,EL PASO,48141,2025-04-29,case_lab-confirmed,10,18,TX
TEXAS,2025-04-27,EL PASO,48141,2025-05-02,case_lab-confirmed,6,18,TX
TEXAS,2025-04-27,GAINES,48165,2025-04-29,case_lab-confirmed,3,18,TX
TEXAS,2025-04-27,HARDEMAN,48197,2025-05-02,case_lab-confirmed,1,18,TX
TEXAS,2025-04-27,HOCKLEY,48219,2025-05-02,case_lab-confirmed,1,18,TX
TEXAS,2025-04-27,LAMAR,48277,2025-04-29,case_lab-confirmed,3,18,TX
TEXAS,2025-04-27,LUBBOCK,48303,2025-04-29,case_lab-confirmed,1,18,TX
TEXAS,2025-04-27,LUBBOCK,48303,2025-05-02,case_lab-confirmed,2,18,TX
TEXAS,2025-04-27,SHACKELFORD,48417,2025-04-29,case_lab-confirmed,1,18,TX
TEXAS,2025-04-27,TRAVIS,48453,2025-05-02,case_lab-confirmed,1,18,TX
TEXAS,2025-04-27,UPSHUR,48459,2025-05-02,case_lab-confirmed,3,18,TX
COLORADO,2025-04-27,UNKNOWN,NA,2025-04-27,NA,0,NA,CO
ARKANSAS,2025-04-27,FAULKNER,5045,2025-04-29,case_lab-confirmed,1,18,AR
NEW JERSEY,2025-04-27,UNKNOWN,NA,2025-04-27,NA,0,NA,NJ
FLORIDA,2025-04-27,UNKNOWN,NA,2025-04-27,NA,0,NA,FL
PENNSYLVANIA,2025-04-27,UNKNOWN,NA,2025-04-27,NA,0,NA,PA
NORTH DAKOTA,2025-04-27,CASS,38017,2025-05-01,case_lab-confirmed,1,18,ND
NORTH DAKOTA,2025-04-27,WILLIAMS,38105,2025-04-29,case_lab-confirmed,1,18,ND
NORTH DAKOTA,2025-04-27,WILLIAMS,38105,2025-05-02,case_lab-confirmed,2,18,ND
NORTH DAKOTA,2025-04-27,WILLIAMS,38105,2025-05-03,case_lab-confirmed,2,18,ND
MONTANA,2025-04-27,GALLATIN,30031,2025-04-29,case_lab-confirmed,2,18,MT
MISSOURI,2025-04-27,UNKNOWN,NA,2025-04-27,NA,0,NA,MO
IOWA,2025-04-27,UNKNOWN,NA,2025-04-27,NA,0,NA,IA
NEW MEXICO,2025-04-27,DONA ANA,35013,2025-05-02,case_lab-confirmed,1,18,NM
ILLINOIS,2025-04-27,COOK,17031,2025-04-28,case_lab-confirmed,1,18,IL
ILLINOIS,2025-04-27,COOK,17031,2025-05-02,case_lab-confirmed,4,18,IL
MINNESOTA,2025-04-27,UNKNOWN,NA,2025-04-27,NA,0,NA,MN
KENTUCKY,2025-04-27,UNKNOWN,NA,2025-04-27,NA,0,NA,KY
CALIFORNIA,2025-04-27,UNKNOWN,NA,2025-04-27,NA,0,NA,CA
GEORGIA,2025-04-27,UNKNOWN,NA,2025-04-27,NA,0,NA,GA
KANSAS,2025-04-27,GRAY,20069,2025-04-30,case_lab-confirmed,15,18,KS
NORTH CAROLINA,2025-04-27,UNKNOWN,NA,2025-04-27,NA,0,NA,NC
HAWAII,2025-04-27,UNKNOWN,NA,2025-04-27,NA,0,NA,HI
MARYLAND,2025-04-27,UNKNOWN,NA,2025-04-27,NA,0,NA,MD
WASHINGTON,2025-04-27,UNKNOWN,NA,2025-04-27,NA,0,NA,WA
VERMONT,2025-04-27,UNKNOWN,NA,2025-04-27,NA,0,NA,VT
SOUTH DAKOTA,2025-04-27,UNKNOWN,NA,2025-04-27,NA,0,NA,SD
TENNESSEE,2025-04-27,UNKNOWN,NA,2025-04-27,NA,0,NA,TN
OREGON,2025-04-27,UNKNOWN,NA,2025-04-27,NA,0,NA,OR
WYOMING,2025-04-27,UNKNOWN,NA,2025-04-27,NA,0,NA,WY
ARIZONA,2025-04-27,UNKNOWN,NA,2025-04-27,NA,0,NA,AZ
NEW YORK,2025-04-27,UNKNOWN,NA,2025-04-27,NA,0,NA,NY
VIRGINIA,2025-04-27,UNKNOWN,NA,2025-04-27,NA,0,NA,VA
LOUISIANA,2025-04-27,UNKNOWN,NA,2025-04-27,NA,0,NA,LA
RHODE ISLAND,2025-04-27,UNKNOWN,NA,2025-04-27,NA,0,NA,RI
NEBRASKA,2025-04-27,UNKNOWN,NA,2025-04-27,NA,0,NA,NE
UTAH,2025-04-27,UNKNOWN,NA,2025-04-27,NA,0,NA,UT
OKLAHOMA,2025-04-27,UNKNOWN COUNTY,40109,2025-05-02,case_lab-confirmed,1,18,OK
SOUTH CAROLINA,2025-04-27,UNKNOWN,NA,2025-04-27,NA,0,NA,SC
DISTRICT OF COLUMBIA,2025-04-27,UNKNOWN,NA,2025-04-27,NA,0,NA,DC
MICHIGAN,2025-05-04,UNKNOWN,NA,2025-05-04,NA,0,NA,MI
INDIANA,2025-05-04,UNKNOWN,NA,2025-05-04,NA,0,NA,IN
OHIO,2025-05-04,UNKNOWN,NA,2025-05-04,NA,0,NA,OH
ALASKA,2025-05-04,UNKNOWN,NA,2025-05-04,NA,0,NA,AK
TEXAS,2025-05-04,EL PASO,48141,2025-05-06,case_lab-confirmed,6,19,TX
TEXAS,2025-05-04,EL PASO,48141,2025-05-09,case_lab-confirmed,6,19,TX
TEXAS,2025-05-04,GAINES,48165,2025-05-06,case_lab-confirmed,7,19,TX
TEXAS,2025-05-04,LAMAR,48277,2025-05-06,case_lab-confirmed,1,19,TX
TEXAS,2025-05-04,LAMAR,48277,2025-05-09,case_lab-confirmed,1,19,TX
TEXAS,2025-05-04,LUBBOCK,48303,2025-05-06,case_lab-confirmed,1,19,TX
TEXAS,2025-05-04,PARMER,48369,2025-05-06,case_lab-confirmed,1,19,TX
TEXAS,2025-05-04,TARRANT,48439,2025-05-06,case_lab-confirmed,2,19,TX
TEXAS,2025-05-04,TERRY,48445,2025-05-06,case_lab-confirmed,1,19,TX
TEXAS,2025-05-04,YOAKUM,48501,2025-05-06,case_lab-confirmed,1,19,TX
COLORADO,2025-05-04,UNKNOWN,NA,2025-05-04,NA,0,NA,CO
ARKANSAS,2025-05-04,FAULKNER,5045,2025-05-09,case_lab-confirmed,2,19,AR
NEW JERSEY,2025-05-04,UNKNOWN,NA,2025-05-04,NA,0,NA,NJ
FLORIDA,2025-05-04,UNKNOWN,NA,2025-05-04,NA,0,NA,FL
PENNSYLVANIA,2025-05-04,ERIE,42049,2025-05-09,case_lab-confirmed,3,19,PA
NORTH DAKOTA,2025-05-04,CASS,38017,2025-05-06,case_lab-confirmed,2,19,ND
NORTH DAKOTA,2025-05-04,WILLIAMS,38105,2025-05-04,case_lab-confirmed,3,19,ND
NORTH DAKOTA,2025-05-04,WILLIAMS,38105,2025-05-06,case_lab-confirmed,2,19,ND
NORTH DAKOTA,2025-05-04,WILLIAMS,38105,2025-05-07,case_lab-confirmed,1,19,ND
NORTH DAKOTA,2025-05-04,WILLIAMS,38105,2025-05-10,case_lab-confirmed,1,19,ND
MONTANA,2025-05-04,GALLATIN,30031,2025-05-05,case_lab-confirmed,1,19,MT
MISSOURI,2025-05-04,NEW MADRID,29143,2025-05-06,case_lab-confirmed,1,19,MO
IOWA,2025-05-04,UNKNOWN,NA,2025-05-04,NA,0,NA,IA
NEW MEXICO,2025-05-04,CURRY,35009,2025-05-09,case_lab-confirmed,1,19,NM
NEW MEXICO,2025-05-04,LEA,35025,2025-05-09,case_lab-confirmed,3,19,NM
ILLINOIS,2025-05-04,WILLIAMSON,17199,2025-05-05,case_lab-confirmed,3,19,IL
MINNESOTA,2025-05-04,UNKNOWN,NA,2025-05-04,NA,0,NA,MN
KENTUCKY,2025-05-04,UNKNOWN,NA,2025-05-04,NA,0,NA,KY
CALIFORNIA,2025-05-04,LOS ANGELES,6037,2025-05-07,case_lab-confirmed,1,19,CA
GEORGIA,2025-05-04,UNKNOWN,NA,2025-05-04,NA,0,NA,GA
KANSAS,2025-05-04,UNKNOWN,NA,2025-05-04,NA,0,NA,KS
NORTH CAROLINA,2025-05-04,UNKNOWN,NA,2025-05-04,NA,0,NA,NC
HAWAII,2025-05-04,UNKNOWN,NA,2025-05-04,NA,0,NA,HI
MARYLAND,2025-05-04,UNKNOWN,NA,2025-05-04,NA,0,NA,MD
WASHINGTON,2025-05-04,UNKNOWN,NA,2025-05-04,NA,0,NA,WA
VERMONT,2025-05-04,UNKNOWN,NA,2025-05-04,NA,0,NA,VT
SOUTH DAKOTA,2025-05-04,UNKNOWN,NA,2025-05-04,NA,0,NA,SD
TENNESSEE,2025-05-04,UNKNOWN,NA,2025-05-04,NA,0,NA,TN
OREGON,2025-05-04,UNKNOWN,NA,2025-05-04,NA,0,NA,OR
WYOMING,2025-05-04,UNKNOWN,NA,2025-05-04,NA,0,NA,WY
ARIZONA,2025-05-04,UNKNOWN,NA,2025-05-04,NA,0,NA,AZ
NEW YORK,2025-05-04,ORANGE,36071,2025-05-10,case_lab-confirmed,3,19,NY
VIRGINIA,2025-05-04,UNKNOWN,NA,2025-05-04,NA,0,NA,VA
LOUISIANA,2025-05-04,UNKNOWN,NA,2025-05-04,NA,0,NA,LA
RHODE ISLAND,2025-05-04,UNKNOWN,NA,2025-05-04,NA,0,NA,RI
NEBRASKA,2025-05-04,UNKNOWN,NA,2025-05-04,NA,0,NA,NE
UTAH,2025-05-04,UNKNOWN,NA,2025-05-04,NA,0,NA,UT
OKLAHOMA,2025-05-04,UNKNOWN COUNTY,40109,2025-05-06,case_lab-confirmed,1,19,OK
SOUTH CAROLINA,2025-05-04,UNKNOWN,NA,2025-05-04,NA,0,NA,SC
DISTRICT OF COLUMBIA,2025-05-04,UNKNOWN,NA,2025-05-04,NA,0,NA,DC
MICHIGAN,2025-06-22,GRAND TRAVERSE,26055,2025-06-23,case_lab-confirmed,1,26,MI
MICHIGAN,2025-06-22,MUSKEGON,26121,2025-06-26,case_lab-confirmed,1,26,MI
INDIANA,2025-06-22,UNKNOWN,NA,2025-06-22,NA,0,NA,IN
OHIO,2025-06-22,UNKNOWN,NA,2025-06-22,NA,0,NA,OH
ALASKA,2025-06-22,UNKNOWN,NA,2025-06-22,NA,0,NA,AK
TEXAS,2025-06-22,DALLAS,48113,2025-06-24,case_lab-confirmed,1,26,TX
COLORADO,2025-06-22,UNKNOWN,NA,2025-06-22,NA,0,NA,CO
ARKANSAS,2025-06-22,UNKNOWN,NA,2025-06-22,NA,0,NA,AR
NEW JERSEY,2025-06-22,UNKNOWN,NA,2025-06-22,NA,0,NA,NJ
FLORIDA,2025-06-22,LEON,12073,2025-06-28,case_lab-confirmed,1,26,FL
PENNSYLVANIA,2025-06-22,UNKNOWN,NA,2025-06-22,NA,0,NA,PA
NORTH DAKOTA,2025-06-22,UNKNOWN,NA,2025-06-22,NA,0,NA,ND
MONTANA,2025-06-22,GALLATIN,30031,2025-06-22,case_lab-confirmed,1,26,MT
MISSOURI,2025-06-22,CEDAR,29039,2025-06-23,case_lab-confirmed,1,26,MO
IOWA,2025-06-22,UNKNOWN,NA,2025-06-22,NA,0,NA,IA
NEW MEXICO,2025-06-22,LUNA,35029,2025-06-27,case_lab-confirmed,5,26,NM
ILLINOIS,2025-06-22,UNKNOWN,NA,2025-06-22,NA,0,NA,IL
MINNESOTA,2025-06-22,UNKNOWN,NA,2025-06-22,NA,0,NA,MN
KENTUCKY,2025-06-22,UNKNOWN,NA,2025-06-22,NA,0,NA,KY
CALIFORNIA,2025-06-22,UNKNOWN,NA,2025-06-22,NA,0,NA,CA
GEORGIA,2025-06-22,UNKNOWN,NA,2025-06-22,NA,0,NA,GA
KANSAS,2025-06-22,UNKNOWN,NA,2025-06-22,NA,0,NA,KS
NORTH CAROLINA,2025-06-22,GUILFORD,37081,2025-06-24,case_lab-confirmed,1,26,NC
HAWAII,2025-06-22,UNKNOWN,NA,2025-06-22,NA,0,NA,HI
MARYLAND,2025-06-22,UNKNOWN,NA,2025-06-22,NA,0,NA,MD
WASHINGTON,2025-06-22,KING,53033,2025-06-24,case_lab-confirmed,2,26,WA
WASHINGTON,2025-06-22,WHATCOM,53073,2025-06-23,case_lab-confirmed,1,26,WA
VERMONT,2025-06-22,UNKNOWN,NA,2025-06-22,NA,0,NA,VT
SOUTH DAKOTA,2025-06-22,LINCOLN,46083,2025-06-28,case_lab-confirmed,6,26,SD
TENNESSEE,2025-06-22,UNKNOWN,NA,2025-06-22,NA,0,NA,TN
OREGON,2025-06-22,MULTNOMAH,41051,2025-06-24,case_lab-confirmed,1,26,OR
WYOMING,2025-06-22,UNKNOWN,NA,2025-06-22,NA,0,NA,WY
ARIZONA,2025-06-22,UNKNOWN,NA,2025-06-22,NA,0,NA,AZ
NEW YORK,2025-06-22,UNKNOWN,NA,2025-06-22,NA,0,NA,NY
VIRGINIA,2025-06-22,UNKNOWN,NA,2025-06-22,NA,0,NA,VA
LOUISIANA,2025-06-22,UNKNOWN,NA,2025-06-22,NA,0,NA,LA
RHODE ISLAND,2025-06-22,UNKNOWN,NA,2025-06-22,NA,0,NA,RI
NEBRASKA,2025-06-22,UNKNOWN,NA,2025-06-22,NA,0,NA,NE
UTAH,2025-06-22,SOUTHWEST HEALTH DISTRICT,0,2025-06-24,case_lab-confirmed,1,26,UT
UTAH,2025-06-22,SOUTHWEST HEALTH DISTRICT,0,2025-06-26,case_lab-confirmed,1,26,UT
UTAH,2025-06-22,UTAH,49049,2025-06-24,case_lab-confirmed,1,26,UT
UTAH,2025-06-22,UTAH,49049,2025-06-26,case_lab-confirmed,1,26,UT
UTAH,2025-06-22,UTAH,49049,2025-06-27,case_lab-confirmed,2,26,UT
OKLAHOMA,2025-06-22,UNKNOWN,NA,2025-06-22,NA,0,NA,OK
SOUTH CAROLINA,2025-06-22,UNKNOWN,NA,2025-06-22,NA,0,NA,SC
DISTRICT OF COLUMBIA,2025-06-22,UNKNOWN,NA,2025-06-22,NA,0,NA,DC
MICHIGAN,2025-07-06,UNKNOWN,NA,2025-07-06,NA,0,NA,MI
INDIANA,2025-07-06,PUTNAM,18133,2025-07-08,case_lab-confirmed,1,28,IN
OHIO,2025-07-06,UNKNOWN,NA,2025-07-06,NA,0,NA,OH
ALASKA,2025-07-06,UNKNOWN,NA,2025-07-06,NA,0,NA,AK
TEXAS,2025-07-06,LAMAR,48277,2025-07-08,case_lab-confirmed,2,28,TX
COLORADO,2025-07-06,UNKNOWN,NA,2025-07-06,NA,0,NA,CO
ARKANSAS,2025-07-06,UNKNOWN,NA,2025-07-06,NA,0,NA,AR
NEW JERSEY,2025-07-06,OCEAN,34029,2025-07-10,case_lab-confirmed,1,28,NJ
FLORIDA,2025-07-06,UNKNOWN,NA,2025-07-06,NA,0,NA,FL
PENNSYLVANIA,2025-07-06,UNKNOWN,NA,2025-07-06,NA,0,NA,PA
NORTH DAKOTA,2025-07-06,UNKNOWN,NA,2025-07-06,NA,0,NA,ND
MONTANA,2025-07-06,UNKNOWN,NA,2025-07-06,NA,0,NA,MT
MISSOURI,2025-07-06,UNKNOWN,NA,2025-07-06,NA,0,NA,MO
IOWA,2025-07-06,UNKNOWN,NA,2025-07-06,NA,0,NA,IA
NEW MEXICO,2025-07-06,UNKNOWN,NA,2025-07-06,NA,0,NA,NM
ILLINOIS,2025-07-06,UNKNOWN,NA,2025-07-06,NA,0,NA,IL
MINNESOTA,2025-07-06,UNKNOWN,NA,2025-07-06,NA,0,NA,MN
KENTUCKY,2025-07-06,FAYETTE,21067,2025-07-07,case_lab-confirmed,4,28,KY
KENTUCKY,2025-07-06,FAYETTE,21067,2025-07-10,case_lab-confirmed,1,28,KY
CALIFORNIA,2025-07-06,UNKNOWN,NA,2025-07-06,NA,0,NA,CA
GEORGIA,2025-07-06,UNKNOWN,NA,2025-07-06,NA,0,NA,GA
KANSAS,2025-07-06,HASKELL,20081,2025-07-07,case_lab-confirmed,1,28,KS
KANSAS,2025-07-06,HASKELL,20081,2025-07-09,case_lab-confirmed,1,28,KS
KANSAS,2025-07-06,STEVENS,20189,2025-07-07,case_lab-confirmed,2,28,KS
NORTH CAROLINA,2025-07-06,UNKNOWN,NA,2025-07-06,NA,0,NA,NC
HAWAII,2025-07-06,UNKNOWN,NA,2025-07-06,NA,0,NA,HI
MARYLAND,2025-07-06,UNKNOWN,NA,2025-07-06,NA,0,NA,MD
WASHINGTON,2025-07-06,UNKNOWN,NA,2025-07-06,NA,0,NA,WA
VERMONT,2025-07-06,UNKNOWN,NA,2025-07-06,NA,0,NA,VT
SOUTH DAKOTA,2025-07-06,UNKNOWN,NA,2025-07-06,NA,0,NA,SD
TENNESSEE,2025-07-06,UNKNOWN,NA,2025-07-06,NA,0,NA,TN
OREGON,2025-07-06,UNKNOWN,NA,2025-07-06,NA,0,NA,OR
WYOMING,2025-07-06,NIOBRARA,56027,2025-07-11,case_lab-confirmed,1,28,WY
ARIZONA,2025-07-06,UNKNOWN,NA,2025-07-06,NA,0,NA,AZ
NEW YORK,2025-07-06,NEW YORK,36061,2025-07-11,case_lab-confirmed,1,28,NY
VIRGINIA,2025-07-06,UNKNOWN,NA,2025-07-06,NA,0,NA,VA
LOUISIANA,2025-07-06,UNKNOWN,NA,2025-07-06,NA,0,NA,LA
RHODE ISLAND,2025-07-06,UNKNOWN,NA,2025-07-06,NA,0,NA,RI
NEBRASKA,2025-07-06,UNKNOWN,NA,2025-07-06,NA,0,NA,NE
UTAH,2025-07-06,UNKNOWN,NA,2025-07-06,NA,0,NA,UT
OKLAHOMA,2025-07-06,UNKNOWN,NA,2025-07-06,NA,0,NA,OK
SOUTH CAROLINA,2025-07-06,UPSTATE,0,2025-07-09,case_lab-confirmed,1,28,SC
DISTRICT OF COLUMBIA,2025-07-06,UNKNOWN,NA,2025-07-06,NA,0,NA,DC
MICHIGAN,2025-01-26,UNKNOWN,NA,2025-01-26,NA,0,NA,MI
INDIANA,2025-01-26,UNKNOWN,NA,2025-01-26,NA,0,NA,IN
OHIO,2025-01-26,UNKNOWN,NA,2025-01-26,NA,0,NA,OH
ALASKA,2025-01-26,UNKNOWN,NA,2025-01-26,NA,0,NA,AK
TEXAS,2025-01-26,UNKNOWN,NA,2025-01-26,NA,0,NA,TX
COLORADO,2025-01-26,UNKNOWN,NA,2025-01-26,NA,0,NA,CO
ARKANSAS,2025-01-26,UNKNOWN,NA,2025-01-26,NA,0,NA,AR
NEW JERSEY,2025-01-26,UNKNOWN,NA,2025-01-26,NA,0,NA,NJ
FLORIDA,2025-01-26,UNKNOWN,NA,2025-01-26,NA,0,NA,FL
PENNSYLVANIA,2025-01-26,UNKNOWN,NA,2025-01-26,NA,0,NA,PA
NORTH DAKOTA,2025-01-26,UNKNOWN,NA,2025-01-26,NA,0,NA,ND
MONTANA,2025-01-26,UNKNOWN,NA,2025-01-26,NA,0,NA,MT
MISSOURI,2025-01-26,UNKNOWN,NA,2025-01-26,NA,0,NA,MO
IOWA,2025-01-26,UNKNOWN,NA,2025-01-26,NA,0,NA,IA
NEW MEXICO,2025-01-26,UNKNOWN,NA,2025-01-26,NA,0,NA,NM
ILLINOIS,2025-01-26,UNKNOWN,NA,2025-01-26,NA,0,NA,IL
MINNESOTA,2025-01-26,UNKNOWN,NA,2025-01-26,NA,0,NA,MN
KENTUCKY,2025-01-26,UNKNOWN,NA,2025-01-26,NA,0,NA,KY
CALIFORNIA,2025-01-26,UNKNOWN,NA,2025-01-26,NA,0,NA,CA
GEORGIA,2025-01-26,FULTON,13121,2025-01-28,case_lab-confirmed,1,5,GA
KANSAS,2025-01-26,UNKNOWN,NA,2025-01-26,NA,0,NA,KS
NORTH CAROLINA,2025-01-26,UNKNOWN,NA,2025-01-26,NA,0,NA,NC
HAWAII,2025-01-26,UNKNOWN,NA,2025-01-26,NA,0,NA,HI
MARYLAND,2025-01-26,UNKNOWN,NA,2025-01-26,NA,0,NA,MD
WASHINGTON,2025-01-26,UNKNOWN,NA,2025-01-26,NA,0,NA,WA
VERMONT,2025-01-26,UNKNOWN,NA,2025-01-26,NA,0,NA,VT
SOUTH DAKOTA,2025-01-26,UNKNOWN,NA,2025-01-26,NA,0,NA,SD
TENNESSEE,2025-01-26,UNKNOWN,NA,2025-01-26,NA,0,NA,TN
OREGON,2025-01-26,UNKNOWN,NA,2025-01-26,NA,0,NA,OR
WYOMING,2025-01-26,UNKNOWN,NA,2025-01-26,NA,0,NA,WY
ARIZONA,2025-01-26,UNKNOWN,NA,2025-01-26,NA,0,NA,AZ
NEW YORK,2025-01-26,NEW YORK,36061,2025-01-31,case_lab-confirmed,1,5,NY
VIRGINIA,2025-01-26,UNKNOWN,NA,2025-01-26,NA,0,NA,VA
LOUISIANA,2025-01-26,UNKNOWN,NA,2025-01-26,NA,0,NA,LA
RHODE ISLAND,2025-01-26,UNKNOWN,NA,2025-01-26,NA,0,NA,RI
NEBRASKA,2025-01-26,UNKNOWN,NA,2025-01-26,NA,0,NA,NE
UTAH,2025-01-26,UNKNOWN,NA,2025-01-26,NA,0,NA,UT
OKLAHOMA,2025-01-26,UNKNOWN,NA,2025-01-26,NA,0,NA,OK
SOUTH CAROLINA,2025-01-26,UNKNOWN,NA,2025-01-26,NA,0,NA,SC
DISTRICT OF COLUMBIA,2025-01-26,UNKNOWN,NA,2025-01-26,NA,0,NA,DC
MICHIGAN,2025-02-02,UNKNOWN,NA,2025-02-02,NA,0,NA,MI
INDIANA,2025-02-02,UNKNOWN,NA,2025-02-02,NA,0,NA,IN
OHIO,2025-02-02,UNKNOWN,NA,2025-02-02,NA,0,NA,OH
ALASKA,2025-02-02,UNKNOWN,NA,2025-02-02,NA,0,NA,AK
TEXAS,2025-02-02,GAINES,48165,2025-02-05,case_lab-confirmed,6,6,TX
COLORADO,2025-02-02,UNKNOWN,NA,2025-02-02,NA,0,NA,CO
ARKANSAS,2025-02-02,UNKNOWN,NA,2025-02-02,NA,0,NA,AR
NEW JERSEY,2025-02-02,UNKNOWN,NA,2025-02-02,NA,0,NA,NJ
FLORIDA,2025-02-02,UNKNOWN,NA,2025-02-02,NA,0,NA,FL
PENNSYLVANIA,2025-02-02,UNKNOWN,NA,2025-02-02,NA,0,NA,PA
NORTH DAKOTA,2025-02-02,UNKNOWN,NA,2025-02-02,NA,0,NA,ND
MONTANA,2025-02-02,UNKNOWN,NA,2025-02-02,NA,0,NA,MT
MISSOURI,2025-02-02,UNKNOWN,NA,2025-02-02,NA,0,NA,MO
IOWA,2025-02-02,UNKNOWN,NA,2025-02-02,NA,0,NA,IA
NEW MEXICO,2025-02-02,UNKNOWN,NA,2025-02-02,NA,0,NA,NM
ILLINOIS,2025-02-02,UNKNOWN,NA,2025-02-02,NA,0,NA,IL
MINNESOTA,2025-02-02,UNKNOWN,NA,2025-02-02,NA,0,NA,MN
KENTUCKY,2025-02-02,UNKNOWN,NA,2025-02-02,NA,0,NA,KY
CALIFORNIA,2025-02-02,UNKNOWN,NA,2025-02-02,NA,0,NA,CA
GEORGIA,2025-02-02,UNKNOWN,NA,2025-02-02,NA,0,NA,GA
KANSAS,2025-02-02,UNKNOWN,NA,2025-02-02,NA,0,NA,KS
NORTH CAROLINA,2025-02-02,UNKNOWN,NA,2025-02-02,NA,0,NA,NC
HAWAII,2025-02-02,UNKNOWN,NA,2025-02-02,NA,0,NA,HI
MARYLAND,2025-02-02,UNKNOWN,NA,2025-02-02,NA,0,NA,MD
WASHINGTON,2025-02-02,UNKNOWN,NA,2025-02-02,NA,0,NA,WA
VERMONT,2025-02-02,UNKNOWN,NA,2025-02-02,NA,0,NA,VT
SOUTH DAKOTA,2025-02-02,UNKNOWN,NA,2025-02-02,NA,0,NA,SD
TENNESSEE,2025-02-02,UNKNOWN,NA,2025-02-02,NA,0,NA,TN
OREGON,2025-02-02,UNKNOWN,NA,2025-02-02,NA,0,NA,OR
WYOMING,2025-02-02,UNKNOWN,NA,2025-02-02,NA,0,NA,WY
ARIZONA,2025-02-02,UNKNOWN,NA,2025-02-02,NA,0,NA,AZ
NEW YORK,2025-02-02,UNKNOWN,NA,2025-02-02,NA,0,NA,NY
VIRGINIA,2025-02-02,UNKNOWN,NA,2025-02-02,NA,0,NA,VA
LOUISIANA,2025-02-02,UNKNOWN,NA,2025-02-02,NA,0,NA,LA
RHODE ISLAND,2025-02-02,UNKNOWN,NA,2025-02-02,NA,0,NA,RI
NEBRASKA,2025-02-02,UNKNOWN,NA,2025-02-02,NA,0,NA,NE
UTAH,2025-02-02,UNKNOWN,NA,2025-02-02,NA,0,NA,UT
OKLAHOMA,2025-02-02,UNKNOWN,NA,2025-02-02,NA,0,NA,OK
SOUTH CAROLINA,2025-02-02,UNKNOWN,NA,2025-02-02,NA,0,NA,SC
DISTRICT OF COLUMBIA,2025-02-02,UNKNOWN,NA,2025-02-02,NA,0,NA,DC
MICHIGAN,2025-01-19,UNKNOWN,NA,2025-01-19,NA,0,NA,MI
INDIANA,2025-01-19,UNKNOWN,NA,2025-01-19,NA,0,NA,IN
OHIO,2025-01-19,UNKNOWN,NA,2025-01-19,NA,0,NA,OH
ALASKA,2025-01-19,KENAI PENINSULA,2122,2025-01-21,case_lab-confirmed,1,4,AK
TEXAS,2025-01-19,HARRIS,48201,2025-01-23,case_lab-confirmed,2,4,TX
COLORADO,2025-01-19,UNKNOWN,NA,2025-01-19,NA,0,NA,CO
ARKANSAS,2025-01-19,UNKNOWN,NA,2025-01-19,NA,0,NA,AR
NEW JERSEY,2025-01-19,UNKNOWN,NA,2025-01-19,NA,0,NA,NJ
FLORIDA,2025-01-19,UNKNOWN,NA,2025-01-19,NA,0,NA,FL
PENNSYLVANIA,2025-01-19,UNKNOWN,NA,2025-01-19,NA,0,NA,PA
NORTH DAKOTA,2025-01-19,UNKNOWN,NA,2025-01-19,NA,0,NA,ND
MONTANA,2025-01-19,UNKNOWN,NA,2025-01-19,NA,0,NA,MT
MISSOURI,2025-01-19,UNKNOWN,NA,2025-01-19,NA,0,NA,MO
IOWA,2025-01-19,UNKNOWN,NA,2025-01-19,NA,0,NA,IA
NEW MEXICO,2025-01-19,UNKNOWN,NA,2025-01-19,NA,0,NA,NM
ILLINOIS,2025-01-19,UNKNOWN,NA,2025-01-19,NA,0,NA,IL
MINNESOTA,2025-01-19,UNKNOWN,NA,2025-01-19,NA,0,NA,MN
KENTUCKY,2025-01-19,UNKNOWN,NA,2025-01-19,NA,0,NA,KY
CALIFORNIA,2025-01-19,UNKNOWN,NA,2025-01-19,NA,0,NA,CA
GEORGIA,2025-01-19,UNKNOWN,NA,2025-01-19,NA,0,NA,GA
KANSAS,2025-01-19,UNKNOWN,NA,2025-01-19,NA,0,NA,KS
NORTH CAROLINA,2025-01-19,UNKNOWN,NA,2025-01-19,NA,0,NA,NC
HAWAII,2025-01-19,UNKNOWN,NA,2025-01-19,NA,0,NA,HI
MARYLAND,2025-01-19,UNKNOWN,NA,2025-01-19,NA,0,NA,MD
WASHINGTON,2025-01-19,UNKNOWN,NA,2025-01-19,NA,0,NA,WA
VERMONT,2025-01-19,UNKNOWN,NA,2025-01-19,NA,0,NA,VT
SOUTH DAKOTA,2025-01-19,UNKNOWN,NA,2025-01-19,NA,0,NA,SD
TENNESSEE,2025-01-19,UNKNOWN,NA,2025-01-19,NA,0,NA,TN
OREGON,2025-01-19,UNKNOWN,NA,2025-01-19,NA,0,NA,OR
WYOMING,2025-01-19,UNKNOWN,NA,2025-01-19,NA,0,NA,WY
ARIZONA,2025-01-19,UNKNOWN,NA,2025-01-19,NA,0,NA,AZ
NEW YORK,2025-01-19,UNKNOWN,NA,2025-01-19,NA,0,NA,NY
VIRGINIA,2025-01-19,UNKNOWN,NA,2025-01-19,NA,0,NA,VA
LOUISIANA,2025-01-19,UNKNOWN,NA,2025-01-19,NA,0,NA,LA
RHODE ISLAND,2025-01-19,UNKNOWN,NA,2025-01-19,NA,0,NA,RI
NEBRASKA,2025-01-19,UNKNOWN,NA,2025-01-19,NA,0,NA,NE
UTAH,2025-01-19,UNKNOWN,NA,2025-01-19,NA,0,NA,UT
OKLAHOMA,2025-01-19,UNKNOWN,NA,2025-01-19,NA,0,NA,OK
SOUTH CAROLINA,2025-01-19,UNKNOWN,NA,2025-01-19,NA,0,NA,SC
DISTRICT OF COLUMBIA,2025-01-19,UNKNOWN,NA,2025-01-19,NA,0,NA,DC
